<PAMDataset>
  <Metadata domain="IMAGE_STRUCTURE">
    <MDI key="INTERLEAVE">PIXEL</MDI>
  </Metadata>
  <Metadata domain="xml:ESRI" format="xml">
    <GeodataXform xsi:type="typens:PolynomialXform" xmlns:xsi="http://www.w3.org/2001/XMLSchema-instance" xmlns:xs="http://www.w3.org/2001/XMLSchema" xmlns:typens="http://www.esri.com/schemas/ArcGIS/10.5">
      <PolynomialOrder>1</PolynomialOrder>
      <SpatialReference xsi:type="typens:ProjectedCoordinateSystem">
        <WKT>PROJCS["PCS_Lambert_Conformal_Conic",GEOGCS["GCS_North_American_1983",DATUM["D_North_American_1983",SPHEROID["GRS_1980",6378137.0,298.257222101]],PRIMEM["Greenwich",0.0],UNIT["Degree",0.0174532925199433]],PROJECTION["Lambert_Conformal_Conic"],PARAMETER["False_Easting",6200000.0],PARAMETER["False_Northing",3000000.0],PARAMETER["Central_Meridian",-91.86666666666666],PARAMETER["Standard_Parallel_1",49.0],PARAMETER["Standard_Parallel_2",77.0],PARAMETER["Latitude_Of_Origin",63.390675],UNIT["Meter",1.0]]</WKT>
        <XOrigin>-31921174.826569796</XOrigin>
        <YOrigin>-31954563.369217742</YOrigin>
        <XYScale>118139056.51804741</XYScale>
        <ZOrigin>-100000</ZOrigin>
        <ZScale>10000</ZScale>
        <MOrigin>-100000</MOrigin>
        <MScale>10000</MScale>
        <XYTolerance>0.001</XYTolerance>
        <ZTolerance>0.001</ZTolerance>
        <MTolerance>0.001</MTolerance>
        <HighPrecision>true</HighPrecision>
      </SpatialReference>
      <SourceGCPs xsi:type="typens:ArrayOfDouble">
        <Double>241.97260793493695</Double>
        <Double>-295.92242545680853</Double>
        <Double>327.01265861652792</Double>
        <Double>-97.245164184365422</Double>
        <Double>583.42369502545989</Double>
        <Double>-532.82830412743351</Double>
        <Double>474.970505168214</Double>
        <Double>-512.52991292712522</Double>
        <Double>463.62702935896527</Double>
        <Double>-553.45578849471895</Double>
        <Double>252.6983994743423</Double>
        <Double>-310.76664919267569</Double>
        <Double>311.8491247073357</Double>
        <Double>-134.68687516422506</Double>
        <Double>677.14954382018095</Double>
        <Double>-634.36850662577035</Double>
        <Double>673.94232666502171</Double>
        <Double>-627.65706053231861</Double>
        <Double>274.6439749869005</Double>
        <Double>-374.29803404437098</Double>
        <Double>274.3118576399138</Double>
        <Double>-380.38704683176729</Double>
        <Double>258.48593158444282</Double>
        <Double>-400.65437783675225</Double>
      </SourceGCPs>
      <TargetGCPs xsi:type="typens:ArrayOfDouble">
        <Double>7600247.1257149996</Double>
        <Double>2897620.1742850002</Double>
        <Double>7602970.8171450002</Double>
        <Double>3013562.0542850001</Double>
        <Double>7813298.6942849997</Double>
        <Double>2833948.5228550001</Double>
        <Double>7761787.1600000001</Double>
        <Double>2825098.8599999999</Double>
        <Double>7763104.0885699997</Double>
        <Double>2800647.0942850001</Double>
        <Double>7608684.8600000003</Double>
        <Double>2887631.3685699999</Double>
        <Double>7601555.5428550001</Double>
        <Double>2990601.8028549999</Double>
        <Double>7886194.1428549998</Double>
        <Double>2801213.1828549998</Double>
        <Double>7883374.6542849997</Double>
        <Double>2804266.5028550001</Double>
        <Double>7631268.5971449995</Double>
        <Double>2858759.2685699998</Double>
        <Double>7632319.9457149999</Double>
        <Double>2854759.6571450001</Double>
        <Double>7628368.025715</Double>
        <Double>2840734.9771449999</Double>
      </TargetGCPs>
      <Name />
    </GeodataXform>
  </Metadata>
</PAMDataset>
