<PAMDataset>
  <Metadata domain="IMAGE_STRUCTURE">
    <MDI key="INTERLEAVE">PIXEL</MDI>
  </Metadata>
  <Metadata domain="xml:ESRI" format="xml">
    <GeodataXform xsi:type="typens:PolynomialXform" xmlns:xsi="http://www.w3.org/2001/XMLSchema-instance" xmlns:xs="http://www.w3.org/2001/XMLSchema" xmlns:typens="http://www.esri.com/schemas/ArcGIS/10.5">
      <PolynomialOrder>2</PolynomialOrder>
      <SpatialReference xsi:type="typens:ProjectedCoordinateSystem">
        <WKT>PROJCS["PCS_Lambert_Conformal_Conic",GEOGCS["GCS_North_American_1983",DATUM["D_North_American_1983",SPHEROID["GRS_1980",6378137.0,298.257222101]],PRIMEM["Greenwich",0.0],UNIT["Degree",0.0174532925199433]],PROJECTION["Lambert_Conformal_Conic"],PARAMETER["False_Easting",6200000.0],PARAMETER["False_Northing",3000000.0],PARAMETER["Central_Meridian",-91.86666666666666],PARAMETER["Standard_Parallel_1",49.0],PARAMETER["Standard_Parallel_2",77.0],PARAMETER["Latitude_Of_Origin",63.390675],UNIT["Meter",1.0]]</WKT>
        <XOrigin>-28455800</XOrigin>
        <YOrigin>-28572600</YOrigin>
        <XYScale>129952262.74881823</XYScale>
        <ZOrigin>-100000</ZOrigin>
        <ZScale>10000</ZScale>
        <MOrigin>-100000</MOrigin>
        <MScale>10000</MScale>
        <XYTolerance>0.001</XYTolerance>
        <ZTolerance>0.001</ZTolerance>
        <MTolerance>0.001</MTolerance>
        <HighPrecision>true</HighPrecision>
      </SpatialReference>
      <SourceGCPs xsi:type="typens:ArrayOfDouble">
        <Double>359.38573309220374</Double>
        <Double>-310.23939830227755</Double>
        <Double>484.11782873039306</Double>
        <Double>-185.90302327123572</Double>
        <Double>445.73333913470412</Double>
        <Double>-92.033493508708489</Double>
        <Double>410.10588717934365</Double>
        <Double>-112.8820980413293</Double>
        <Double>360.12501776766385</Double>
        <Double>-545.51646388945665</Double>
        <Double>412.13774633509047</Double>
        <Double>-535.33051880151288</Double>
        <Double>377.13326658022402</Double>
        <Double>-491.18126351299725</Double>
        <Double>392.87367587453764</Double>
        <Double>-259.13767272472796</Double>
        <Double>99.177171915610415</Double>
        <Double>-485.50513533033154</Double>
        <Double>593.17283394290644</Double>
        <Double>-91.231736574256502</Double>
        <Double>330.6515416990178</Double>
        <Double>-177.33753260614321</Double>
        <Double>273.60188418489884</Double>
        <Double>-461.22325461064975</Double>
        <Double>242.78680260168608</Double>
        <Double>-393.2193915862772</Double>
        <Double>448.96734175511256</Double>
        <Double>-58.724289348272578</Double>
        <Double>81.575797083365615</Double>
        <Double>-637.0067856979058</Double>
        <Double>330.27373302592059</Double>
        <Double>-205.15810937563219</Double>
        <Double>390.80240191093253</Double>
        <Double>-366.99226951959463</Double>
        <Double>96.981055131451285</Double>
        <Double>-490.6312507991297</Double>
        <Double>543.83352448337246</Double>
        <Double>-121.72650586334203</Double>
      </SourceGCPs>
      <TargetGCPs xsi:type="typens:ArrayOfDouble">
        <Double>5761654.0118108718</Double>
        <Double>2092677.0053829057</Double>
        <Double>5786664.7942977985</Double>
        <Double>2113656.8628337984</Double>
        <Double>5782987.4426852046</Double>
        <Double>2131932.8208942157</Double>
        <Double>5777703.0012943689</Double>
        <Double>2128363.6690419908</Double>
        <Double>5757924.8739274563</Double>
        <Double>2046928.6882146276</Double>
        <Double>5767402.0900675496</Double>
        <Double>2048816.5307810467</Double>
        <Double>5761441.9212466525</Double>
        <Double>2058145.3017700706</Double>
        <Double>5768906.3094117269</Double>
        <Double>2101674.2128250115</Double>
        <Double>5710323.9500734117</Double>
        <Double>2064239.6145375303</Double>
        <Double>5808546.9753087098</Double>
        <Double>2129728.8556265295</Double>
        <Double>5759031.7590907784</Double>
        <Double>2118236.6555587975</Double>
        <Double>5743667.374195342</Double>
        <Double>2065427.5686906239</Double>
        <Double>5739162.7142857146</Double>
        <Double>2080191.1514285691</Double>
        <Double>5782812.6918397257</Double>
        <Double>2137009.5639661672</Double>
        <Double>5700607.6008713776</Double>
        <Double>2034959.1248849165</Double>
        <Double>5757589.9728321973</Double>
        <Double>2113196.7019844456</Double>
        <Double>5766372.7317846632</Double>
        <Double>2081862.8338321713</Double>
        <Double>5709599.2756008031</Double>
        <Double>2062739.7409594096</Double>
        <Double>5798917.2948201885</Double>
        <Double>2124949.9581298479</Double>
      </TargetGCPs>
      <Name />
    </GeodataXform>
  </Metadata>
</PAMDataset>
