<PAMDataset>
  <Metadata domain="IMAGE_STRUCTURE">
    <MDI key="INTERLEAVE">PIXEL</MDI>
  </Metadata>
  <Metadata domain="xml:ESRI" format="xml">
    <GeodataXform xsi:type="typens:PolynomialXform" xmlns:xsi="http://www.w3.org/2001/XMLSchema-instance" xmlns:xs="http://www.w3.org/2001/XMLSchema" xmlns:typens="http://www.esri.com/schemas/ArcGIS/10.5">
      <PolynomialOrder>1</PolynomialOrder>
      <SpatialReference xsi:type="typens:ProjectedCoordinateSystem">
        <WKT>PROJCS["PCS_Lambert_Conformal_Conic",GEOGCS["GCS_North_American_1983",DATUM["D_North_American_1983",SPHEROID["GRS_1980",6378137.0,298.257222101]],PRIMEM["Greenwich",0.0],UNIT["Degree",0.0174532925199433]],PROJECTION["Lambert_Conformal_Conic"],PARAMETER["False_Easting",6200000.0],PARAMETER["False_Northing",3000000.0],PARAMETER["Central_Meridian",-91.86666666666666],PARAMETER["Standard_Parallel_1",49.0],PARAMETER["Standard_Parallel_2",77.0],PARAMETER["Latitude_Of_Origin",63.390675],UNIT["Meter",1.0]]</WKT>
        <XOrigin>-28455800</XOrigin>
        <YOrigin>-28572600</YOrigin>
        <XYScale>129952262.74881823</XYScale>
        <ZOrigin>-100000</ZOrigin>
        <ZScale>10000</ZScale>
        <MOrigin>-100000</MOrigin>
        <MScale>10000</MScale>
        <XYTolerance>0.001</XYTolerance>
        <ZTolerance>0.001</ZTolerance>
        <MTolerance>0.001</MTolerance>
        <HighPrecision>true</HighPrecision>
      </SpatialReference>
      <SourceGCPs xsi:type="typens:ArrayOfDouble">
        <Double>554.96779968034684</Double>
        <Double>-347.04352255327285</Double>
        <Double>520.14427974541013</Double>
        <Double>-217.67973798012099</Double>
        <Double>497.54325888868152</Double>
        <Double>-254.65308227977766</Double>
        <Double>349.02619388743005</Double>
        <Double>-76.1373523670336</Double>
        <Double>235.73440457641482</Double>
        <Double>-263.34295070100961</Double>
        <Double>127.53590831796828</Double>
        <Double>-101.30908437156359</Double>
        <Double>433.77800289591869</Double>
        <Double>-256.77934350376745</Double>
        <Double>497.82030696865786</Double>
        <Double>-153.45344953522545</Double>
        <Double>505.60145770224153</Double>
        <Double>-316.65357741096159</Double>
        <Double>441.18199292014833</Double>
        <Double>-358.74267297713413</Double>
        <Double>631.7795061168963</Double>
        <Double>-385.6082699281942</Double>
        <Double>648.40040291471541</Double>
        <Double>-213.22348587364831</Double>
      </SourceGCPs>
      <TargetGCPs xsi:type="typens:ArrayOfDouble">
        <Double>7782042.5403326564</Double>
        <Double>1936045.8138710258</Double>
        <Double>7770799.5949600367</Double>
        <Double>1952190.5700890333</Double>
        <Double>7769311.3107334683</Double>
        <Double>1946105.1412515091</Double>
        <Double>7737997.8106064666</Double>
        <Double>1962575.4866922002</Double>
        <Double>7731391.1515598167</Double>
        <Double>1929805.0114290277</Double>
        <Double>7707562.7289029695</Double>
        <Double>1947438.2029454096</Double>
        <Double>7760326.0427629286</Double>
        <Double>1942172.9840816383</Double>
        <Double>7763834.4247796899</Double>
        <Double>1960586.2570192951</Double>
        <Double>7773465.2773747267</Double>
        <Double>1936495.8963385744</Double>
        <Double>7766605.4997662827</Double>
        <Double>1928033.0933018567</Double>
        <Double>7795268.5310506783</Double>
        <Double>1934498.1999820685</Double>
        <Double>7788710.1585589349</Double>
        <Double>1959415.3852331094</Double>
      </TargetGCPs>
      <Name />
    </GeodataXform>
  </Metadata>
</PAMDataset>
