<PAMDataset>
  <Metadata domain="IMAGE_STRUCTURE">
    <MDI key="INTERLEAVE">PIXEL</MDI>
  </Metadata>
  <Metadata domain="xml:ESRI" format="xml">
    <GeodataXform xsi:type="typens:PolynomialXform" xmlns:xsi="http://www.w3.org/2001/XMLSchema-instance" xmlns:xs="http://www.w3.org/2001/XMLSchema" xmlns:typens="http://www.esri.com/schemas/ArcGIS/10.5">
      <PolynomialOrder>2</PolynomialOrder>
      <SpatialReference xsi:type="typens:ProjectedCoordinateSystem">
        <WKT>PROJCS["PCS_Lambert_Conformal_Conic",GEOGCS["GCS_North_American_1983",DATUM["D_North_American_1983",SPHEROID["GRS_1980",6378137.0,298.257222101]],PRIMEM["Greenwich",0.0],UNIT["Degree",0.0174532925199433]],PROJECTION["Lambert_Conformal_Conic"],PARAMETER["False_Easting",6200000.0],PARAMETER["False_Northing",3000000.0],PARAMETER["Central_Meridian",-91.86666666666666],PARAMETER["Standard_Parallel_1",49.0],PARAMETER["Standard_Parallel_2",77.0],PARAMETER["Latitude_Of_Origin",63.390675],UNIT["Meter",1.0]]</WKT>
        <XOrigin>-28455800</XOrigin>
        <YOrigin>-28572600</YOrigin>
        <XYScale>129952262.74881823</XYScale>
        <ZOrigin>-100000</ZOrigin>
        <ZScale>10000</ZScale>
        <MOrigin>-100000</MOrigin>
        <MScale>10000</MScale>
        <XYTolerance>0.001</XYTolerance>
        <ZTolerance>0.001</ZTolerance>
        <MTolerance>0.001</MTolerance>
        <HighPrecision>true</HighPrecision>
      </SpatialReference>
      <SourceGCPs xsi:type="typens:ArrayOfDouble">
        <Double>665.49555489714226</Double>
        <Double>-1252.010879479396</Double>
        <Double>996.67015329562128</Double>
        <Double>-1115.8301257884596</Double>
        <Double>23.355794412232626</Double>
        <Double>-1097.3721777753763</Double>
        <Double>134.6268790536401</Double>
        <Double>-932.35699215958311</Double>
        <Double>218.42510952669136</Double>
        <Double>-754.00906387816212</Double>
        <Double>592.86723170658752</Double>
        <Double>-509.74529180257468</Double>
        <Double>442.57975923605045</Double>
        <Double>-307.28310141166912</Double>
        <Double>673.58784751832945</Double>
        <Double>-111.86593544207608</Double>
        <Double>684.70272733854335</Double>
        <Double>-186.39048871452906</Double>
        <Double>894.62128815768904</Double>
        <Double>-642.98631179901952</Double>
        <Double>758.44378162729868</Double>
        <Double>-733.378661513265</Double>
        <Double>1010.8962048322454</Double>
        <Double>-1024.6578244364234</Double>
        <Double>1219.4329308384192</Double>
        <Double>-1259.1794651102311</Double>
        <Double>378.83988973904701</Double>
        <Double>-1216.9786993108398</Double>
      </SourceGCPs>
      <TargetGCPs xsi:type="typens:ArrayOfDouble">
        <Double>8798692.5685699992</Double>
        <Double>2005115.8457150001</Double>
        <Double>8884988.0971449986</Double>
        <Double>2127008.6200000001</Double>
        <Double>8536867.7770230472</Double>
        <Double>1922694.9463185007</Double>
        <Double>8541222.4257149994</Double>
        <Double>2004046.622855</Double>
        <Double>8532462.8966854978</Double>
        <Double>2085418.8724608002</Double>
        <Double>8611102.7085699998</Double>
        <Double>2251288.2657150002</Double>
        <Double>8516677.3824755829</Double>
        <Double>2290915.5360582871</Double>
        <Double>8554800.6097636987</Double>
        <Double>2407663.1653868789</Double>
        <Double>8573829.2914300002</Double>
        <Double>2384711.1142850001</Double>
        <Double>8746255.697534984</Double>
        <Double>2270294.5312746102</Double>
        <Double>8718770.2836715858</Double>
        <Double>2209135.5930715813</Double>
        <Double>8870681.2485699989</Double>
        <Double>2161647.4114300003</Double>
        <Double>8994036.5571449995</Double>
        <Double>2125066.097145</Double>
        <Double>8688825.5653136</Double>
        <Double>1956290.8129893802</Double>
      </TargetGCPs>
      <Name />
    </GeodataXform>
  </Metadata>
</PAMDataset>
