<PAMDataset>
  <Metadata domain="IMAGE_STRUCTURE">
    <MDI key="INTERLEAVE">PIXEL</MDI>
  </Metadata>
  <Metadata domain="xml:ESRI" format="xml">
    <GeodataXform xsi:type="typens:PolynomialXform" xmlns:xsi="http://www.w3.org/2001/XMLSchema-instance" xmlns:xs="http://www.w3.org/2001/XMLSchema" xmlns:typens="http://www.esri.com/schemas/ArcGIS/10.5">
      <PolynomialOrder>2</PolynomialOrder>
      <SpatialReference xsi:type="typens:ProjectedCoordinateSystem">
        <WKT>PROJCS["PCS_Lambert_Conformal_Conic",GEOGCS["GCS_North_American_1983",DATUM["D_North_American_1983",SPHEROID["GRS_1980",6378137.0,298.257222101]],PRIMEM["Greenwich",0.0],UNIT["Degree",0.0174532925199433]],PROJECTION["Lambert_Conformal_Conic"],PARAMETER["False_Easting",6200000.0],PARAMETER["False_Northing",3000000.0],PARAMETER["Central_Meridian",-91.86666666666666],PARAMETER["Standard_Parallel_1",49.0],PARAMETER["Standard_Parallel_2",77.0],PARAMETER["Latitude_Of_Origin",63.390675],UNIT["Meter",1.0]]</WKT>
        <XOrigin>-28455800</XOrigin>
        <YOrigin>-28572600</YOrigin>
        <XYScale>129952262.74881823</XYScale>
        <ZOrigin>-100000</ZOrigin>
        <ZScale>10000</ZScale>
        <MOrigin>-100000</MOrigin>
        <MScale>10000</MScale>
        <XYTolerance>0.001</XYTolerance>
        <ZTolerance>0.001</ZTolerance>
        <MTolerance>0.001</MTolerance>
        <HighPrecision>true</HighPrecision>
      </SpatialReference>
      <SourceGCPs xsi:type="typens:ArrayOfDouble">
        <Double>1260.8747801363536</Double>
        <Double>-379.20402984505989</Double>
        <Double>1442.7300908118486</Double>
        <Double>-741.80058097164147</Double>
        <Double>1128.3606144161042</Double>
        <Double>-642.65243738637446</Double>
        <Double>935.12152044770028</Double>
        <Double>-871.62620190935286</Double>
        <Double>878.01447822682576</Double>
        <Double>-388.60235349540199</Double>
        <Double>858.74293610793586</Double>
        <Double>-382.78287822829407</Double>
        <Double>240.50444483394097</Double>
        <Double>-302.79119117710479</Double>
        <Double>1216.520275445069</Double>
        <Double>-929.6081468323373</Double>
        <Double>133.55236939654168</Double>
        <Double>-419.7336726810787</Double>
        <Double>1087.0522736146763</Double>
        <Double>-137.50636728426591</Double>
      </SourceGCPs>
      <TargetGCPs xsi:type="typens:ArrayOfDouble">
        <Double>7736035.6286108075</Double>
        <Double>1971293.2885526982</Double>
        <Double>7934694.8628550004</Double>
        <Double>1802847.877145</Double>
        <Double>7709641.2771678604</Double>
        <Double>1784012.9628145718</Double>
        <Double>7628055.5114405844</Double>
        <Double>1604707.4457294145</Double>
        <Double>7499648.8828707226</Double>
        <Double>1884922.3371783323</Double>
        <Double>7484952.7257550973</Double>
        <Double>1883907.9485443966</Double>
        <Double>7082683.1085700002</Double>
        <Double>1833360.48</Double>
        <Double>7828248.54</Double>
        <Double>1631098.0485700001</Double>
        <Double>7027093.1542850006</Double>
        <Double>1747092.674285</Double>
        <Double>7579746.0457229372</Double>
        <Double>2076611.5599818141</Double>
      </TargetGCPs>
      <Name />
    </GeodataXform>
  </Metadata>
</PAMDataset>
