<PAMDataset>
  <Metadata domain="IMAGE_STRUCTURE">
    <MDI key="INTERLEAVE">PIXEL</MDI>
  </Metadata>
  <Metadata domain="xml:ESRI" format="xml">
    <GeodataXform xsi:type="typens:PolynomialXform" xmlns:xsi="http://www.w3.org/2001/XMLSchema-instance" xmlns:xs="http://www.w3.org/2001/XMLSchema" xmlns:typens="http://www.esri.com/schemas/ArcGIS/10.5">
      <PolynomialOrder>1</PolynomialOrder>
      <SpatialReference xsi:type="typens:ProjectedCoordinateSystem">
        <WKT>PROJCS["PCS_Lambert_Conformal_Conic",GEOGCS["GCS_North_American_1983",DATUM["D_North_American_1983",SPHEROID["GRS_1980",6378137.0,298.257222101]],PRIMEM["Greenwich",0.0],UNIT["Degree",0.0174532925199433]],PROJECTION["Lambert_Conformal_Conic"],PARAMETER["False_Easting",6200000.0],PARAMETER["False_Northing",3000000.0],PARAMETER["Central_Meridian",-91.86666666666666],PARAMETER["Standard_Parallel_1",49.0],PARAMETER["Standard_Parallel_2",77.0],PARAMETER["Latitude_Of_Origin",63.390675],UNIT["Meter",1.0]]</WKT>
        <XOrigin>-28455800</XOrigin>
        <YOrigin>-28572600</YOrigin>
        <XYScale>129952262.74881823</XYScale>
        <ZOrigin>-100000</ZOrigin>
        <ZScale>10000</ZScale>
        <MOrigin>-100000</MOrigin>
        <MScale>10000</MScale>
        <XYTolerance>0.001</XYTolerance>
        <ZTolerance>0.001</ZTolerance>
        <MTolerance>0.001</MTolerance>
        <HighPrecision>true</HighPrecision>
      </SpatialReference>
      <SourceGCPs xsi:type="typens:ArrayOfDouble">
        <Double>344.17562313060813</Double>
        <Double>-88.017298105682997</Double>
        <Double>369.87153539434075</Double>
        <Double>-230.2013459620066</Double>
        <Double>635.53591450499061</Double>
        <Double>-120.70212366157648</Double>
        <Double>686.5815601194472</Double>
        <Double>-284.04256909066316</Double>
        <Double>353.16346561339924</Double>
        <Double>-350.4979619840542</Double>
        <Double>288.2882969075954</Double>
        <Double>-275.90512914761712</Double>
        <Double>653.833321085227</Double>
        <Double>-324.24708245291004</Double>
      </SourceGCPs>
      <TargetGCPs xsi:type="typens:ArrayOfDouble">
        <Double>8006004.7428550003</Double>
        <Double>1812864.4199999999</Double>
        <Double>8015450.4803061485</Double>
        <Double>1798277.2324798531</Double>
        <Double>8041463.8879608847</Double>
        <Double>1822970.2416426362</Double>
        <Double>8054626.9351203125</Double>
        <Double>1806698.3340988208</Double>
        <Double>8019040.4056139197</Double>
        <Double>1783613.3920956033</Double>
        <Double>8008233.8084798912</Double>
        <Double>1789392.895842111</Double>
        <Double>8052590.4110819893</Double>
        <Double>1800191.886190092</Double>
      </TargetGCPs>
      <Name />
    </GeodataXform>
  </Metadata>
</PAMDataset>
