<PAMDataset>
  <Metadata domain="IMAGE_STRUCTURE">
    <MDI key="INTERLEAVE">PIXEL</MDI>
  </Metadata>
  <Metadata domain="xml:ESRI" format="xml">
    <GeodataXform xsi:type="typens:PolynomialXform" xmlns:xsi="http://www.w3.org/2001/XMLSchema-instance" xmlns:xs="http://www.w3.org/2001/XMLSchema" xmlns:typens="http://www.esri.com/schemas/ArcGIS/10.5">
      <PolynomialOrder>2</PolynomialOrder>
      <SpatialReference xsi:type="typens:ProjectedCoordinateSystem">
        <WKT>PROJCS["PCS_Lambert_Conformal_Conic",GEOGCS["GCS_North_American_1983",DATUM["D_North_American_1983",SPHEROID["GRS_1980",6378137.0,298.257222101]],PRIMEM["Greenwich",0.0],UNIT["Degree",0.0174532925199433]],PROJECTION["Lambert_Conformal_Conic"],PARAMETER["False_Easting",6200000.0],PARAMETER["False_Northing",3000000.0],PARAMETER["Central_Meridian",-91.86666666666666],PARAMETER["Standard_Parallel_1",49.0],PARAMETER["Standard_Parallel_2",77.0],PARAMETER["Latitude_Of_Origin",63.390675],UNIT["Meter",1.0]]</WKT>
        <XOrigin>-28455800</XOrigin>
        <YOrigin>-28572600</YOrigin>
        <XYScale>129952262.74881823</XYScale>
        <ZOrigin>-100000</ZOrigin>
        <ZScale>10000</ZScale>
        <MOrigin>-100000</MOrigin>
        <MScale>10000</MScale>
        <XYTolerance>0.001</XYTolerance>
        <ZTolerance>0.001</ZTolerance>
        <MTolerance>0.001</MTolerance>
        <HighPrecision>true</HighPrecision>
      </SpatialReference>
      <SourceGCPs xsi:type="typens:ArrayOfDouble">
        <Double>1147.5673826262355</Double>
        <Double>-1069.5678291041404</Double>
        <Double>1251.1712423889712</Double>
        <Double>-1067.3129411936725</Double>
        <Double>1305.2734990913373</Double>
        <Double>-1075.8010928306362</Double>
        <Double>373.9736396069776</Double>
        <Double>-1716.1972661613233</Double>
        <Double>748.41671500966675</Double>
        <Double>-1017.6545531438733</Double>
        <Double>628.69090428196455</Double>
        <Double>-1897.7873974923875</Double>
        <Double>762.28880634223333</Double>
        <Double>-1913.3713638736097</Double>
        <Double>787.07683803497173</Double>
        <Double>-1923.7374076391886</Double>
        <Double>553.41782105943503</Double>
        <Double>-1848.6985812809696</Double>
        <Double>1448.7242997823878</Double>
        <Double>-1445.2575728717923</Double>
        <Double>1494.7278520227928</Double>
        <Double>-1504.7410685756213</Double>
        <Double>1553.5188780065928</Double>
        <Double>-1520.023577208485</Double>
        <Double>1599.6577355771865</Double>
        <Double>-1983.9789918486181</Double>
        <Double>1604.0759427573885</Double>
        <Double>-1974.869149174719</Double>
        <Double>833.26659735739781</Double>
        <Double>-1902.5366006516895</Double>
        <Double>858.19289007212046</Double>
        <Double>-1888.5250447525987</Double>
        <Double>899.20860361835639</Double>
        <Double>-870.27562460748231</Double>
        <Double>428.89182702216885</Double>
        <Double>-1310.4091679089163</Double>
        <Double>1130.9574321524135</Double>
        <Double>-1945.2196831556191</Double>
        <Double>1168.0111476871209</Double>
        <Double>-1942.3130098789109</Double>
      </SourceGCPs>
      <TargetGCPs xsi:type="typens:ArrayOfDouble">
        <Double>6620015.7834008066</Double>
        <Double>2140923.579537055</Double>
        <Double>6708527.904869494</Double>
        <Double>2151690.3788484312</Double>
        <Double>6758534.2548821941</Double>
        <Double>2149018.0818371703</Double>
        <Double>5963821.3460119292</Double>
        <Double>1477627.7112786518</Double>
        <Double>6247080.4194745207</Double>
        <Double>2145997.4160736161</Double>
        <Double>6211758.4738306319</Double>
        <Double>1331575.214312545</Double>
        <Double>6337105.0786905093</Double>
        <Double>1328598.6458594082</Double>
        <Double>6365547.8439093726</Double>
        <Double>1320991.8598125027</Double>
        <Double>6138336.4519865885</Double>
        <Double>1369278.414718946</Double>
        <Double>6928495.8725832095</Double>
        <Double>1826255.3147838558</Double>
        <Double>6978502.2225959096</Double>
        <Double>1777439.5921524107</Double>
        <Double>7033800.2498586308</Double>
        <Double>1771015.4959708846</Double>
        <Double>7127727.521046509</Double>
        <Double>1348898.401736699</Double>
        <Double>7129910.3379121423</Double>
        <Double>1356439.0418179792</Double>
        <Double>6404719.0437795538</Double>
        <Double>1345624.1764382483</Double>
        <Double>6426745.6503327675</Double>
        <Double>1359713.2671164297</Double>
        <Double>6371895.2107707774</Double>
        <Double>2294902.5680505885</Double>
        <Double>5981768.9513515905</Double>
        <Double>1857743.8812332144</Double>
        <Double>6685456.1920594089</Double>
        <Double>1333497.4160736171</Double>
        <Double>6720460.6370682986</Double>
        <Double>1339715.1368423929</Double>
      </TargetGCPs>
      <Name />
    </GeodataXform>
  </Metadata>
</PAMDataset>
