<PAMDataset>
  <Metadata domain="IMAGE_STRUCTURE">
    <MDI key="INTERLEAVE">PIXEL</MDI>
  </Metadata>
  <Metadata domain="xml:ESRI" format="xml">
    <GeodataXform xsi:type="typens:PolynomialXform" xmlns:xsi="http://www.w3.org/2001/XMLSchema-instance" xmlns:xs="http://www.w3.org/2001/XMLSchema" xmlns:typens="http://www.esri.com/schemas/ArcGIS/10.5">
      <PolynomialOrder>1</PolynomialOrder>
      <SpatialReference xsi:type="typens:ProjectedCoordinateSystem">
        <WKT>PROJCS["PCS_Lambert_Conformal_Conic",GEOGCS["GCS_North_American_1983",DATUM["D_North_American_1983",SPHEROID["GRS_1980",6378137.0,298.257222101]],PRIMEM["Greenwich",0.0],UNIT["Degree",0.0174532925199433]],PROJECTION["Lambert_Conformal_Conic"],PARAMETER["False_Easting",6200000.0],PARAMETER["False_Northing",3000000.0],PARAMETER["Central_Meridian",-91.86666666666666],PARAMETER["Standard_Parallel_1",49.0],PARAMETER["Standard_Parallel_2",77.0],PARAMETER["Latitude_Of_Origin",63.390675],UNIT["Meter",1.0]]</WKT>
        <XOrigin>-28455800</XOrigin>
        <YOrigin>-28572600</YOrigin>
        <XYScale>129952262.74881823</XYScale>
        <ZOrigin>-100000</ZOrigin>
        <ZScale>10000</ZScale>
        <MOrigin>-100000</MOrigin>
        <MScale>10000</MScale>
        <XYTolerance>0.001</XYTolerance>
        <ZTolerance>0.001</ZTolerance>
        <MTolerance>0.001</MTolerance>
        <HighPrecision>true</HighPrecision>
      </SpatialReference>
      <SourceGCPs xsi:type="typens:ArrayOfDouble">
        <Double>646.3881501399419</Double>
        <Double>-87.540449645189256</Double>
        <Double>635.19639184796688</Double>
        <Double>-207.83749207479923</Double>
        <Double>286.6102214693874</Double>
        <Double>-48.524029374762904</Double>
        <Double>555.97398976180921</Double>
        <Double>-105.57797823149303</Double>
        <Double>406.75825437410094</Double>
        <Double>-377.67052748428614</Double>
        <Double>92.277871079750184</Double>
        <Double>-360.21590205274697</Double>
        <Double>245.04441617908014</Double>
        <Double>-71.79332609535777</Double>
      </SourceGCPs>
      <TargetGCPs xsi:type="typens:ArrayOfDouble">
        <Double>4456214.6587352203</Double>
        <Double>2830518.6751682409</Double>
        <Double>4448096.2115955511</Double>
        <Double>2817285.5573825603</Double>
        <Double>4417058.3196586529</Double>
        <Double>2856972.695784613</Double>
        <Double>4444958.6879593842</Double>
        <Double>2834210.546093645</Double>
        <Double>4410918.7085647695</Double>
        <Double>2812352.6885674526</Double>
        <Double>4376278.2008428527</Double>
        <Double>2833549.6988608437</Double>
        <Double>4411225.0724032605</Double>
        <Double>2857167.1740957955</Double>
      </TargetGCPs>
      <Name />
    </GeodataXform>
  </Metadata>
</PAMDataset>
