<PAMDataset>
  <Metadata domain="IMAGE_STRUCTURE">
    <MDI key="INTERLEAVE">PIXEL</MDI>
  </Metadata>
  <Metadata domain="xml:ESRI" format="xml">
    <GeodataXform xsi:type="typens:PolynomialXform" xmlns:xsi="http://www.w3.org/2001/XMLSchema-instance" xmlns:xs="http://www.w3.org/2001/XMLSchema" xmlns:typens="http://www.esri.com/schemas/ArcGIS/10.5">
      <PolynomialOrder>2</PolynomialOrder>
      <SpatialReference xsi:type="typens:ProjectedCoordinateSystem">
        <WKT>PROJCS["PCS_Lambert_Conformal_Conic",GEOGCS["GCS_North_American_1983",DATUM["D_North_American_1983",SPHEROID["GRS_1980",6378137.0,298.257222101]],PRIMEM["Greenwich",0.0],UNIT["Degree",0.0174532925199433]],PROJECTION["Lambert_Conformal_Conic"],PARAMETER["False_Easting",6200000.0],PARAMETER["False_Northing",3000000.0],PARAMETER["Central_Meridian",-91.86666666666666],PARAMETER["Standard_Parallel_1",49.0],PARAMETER["Standard_Parallel_2",77.0],PARAMETER["Latitude_Of_Origin",63.390675],UNIT["Meter",1.0]]</WKT>
        <XOrigin>-28455800</XOrigin>
        <YOrigin>-28572600</YOrigin>
        <XYScale>129952262.74881823</XYScale>
        <ZOrigin>-100000</ZOrigin>
        <ZScale>10000</ZScale>
        <MOrigin>-100000</MOrigin>
        <MScale>10000</MScale>
        <XYTolerance>0.001</XYTolerance>
        <ZTolerance>0.001</ZTolerance>
        <MTolerance>0.001</MTolerance>
        <HighPrecision>true</HighPrecision>
      </SpatialReference>
      <SourceGCPs xsi:type="typens:ArrayOfDouble">
        <Double>314.26534541336355</Double>
        <Double>-136.22389580973953</Double>
        <Double>14.985617214813828</Double>
        <Double>-187.52899207244627</Double>
        <Double>379.90435911617408</Double>
        <Double>-468.70597073756016</Double>
        <Double>17.401468206033599</Double>
        <Double>-359.59123320241451</Double>
        <Double>120.84669313952821</Double>
        <Double>-121.9138971015991</Double>
        <Double>300.09095930503639</Double>
        <Double>-331.03780837918293</Double>
        <Double>269.47581346458719</Double>
        <Double>-156.74863291596307</Double>
        <Double>39.251915708453453</Double>
        <Double>-396.62305567745705</Double>
        <Double>29.246454879847988</Double>
        <Double>-407.76429869733033</Double>
        <Double>125.92069765507813</Double>
        <Double>-329.01168062058855</Double>
        <Double>181.90298146577788</Double>
        <Double>-21.128726800639242</Double>
        <Double>83.770487379878432</Double>
        <Double>-102.70762540031879</Double>
        <Double>94.236075772713093</Double>
        <Double>-93.408325777061478</Double>
      </SourceGCPs>
      <TargetGCPs xsi:type="typens:ArrayOfDouble">
        <Double>5766550.8428629031</Double>
        <Double>1896229.5943048247</Double>
        <Double>5674452.508545029</Double>
        <Double>1887168.3056717566</Double>
        <Double>5780964.7942753807</Double>
        <Double>1794279.9600332822</Double>
        <Double>5671050.1628259411</Double>
        <Double>1834727.0828124047</Double>
        <Double>5707351.5948291402</Double>
        <Double>1904948.2017045375</Double>
        <Double>5759520.5816196818</Double>
        <Double>1837802.0732086343</Double>
        <Double>5752452.7058584141</Double>
        <Double>1891743.3854193401</Double>
        <Double>5676972.0343119521</Double>
        <Double>1822913.7857410838</Double>
        <Double>5673681.0516887121</Double>
        <Double>1819429.6582959071</Double>
        <Double>5705125.7969968524</Double>
        <Double>1841650.4271523943</Double>
        <Double>5727990.0183989722</Double>
        <Double>1934616.465919466</Double>
        <Double>5696260.8314536745</Double>
        <Double>1911478.6428289162</Double>
        <Double>5699391.2257203739</Double>
        <Double>1914008.6400360372</Double>
      </TargetGCPs>
      <Name />
    </GeodataXform>
  </Metadata>
</PAMDataset>
