<PAMDataset>
  <Metadata domain="xml:ESRI" format="xml">
    <GeodataXform xsi:type="typens:PolynomialXform" xmlns:xsi="http://www.w3.org/2001/XMLSchema-instance" xmlns:xs="http://www.w3.org/2001/XMLSchema" xmlns:typens="http://www.esri.com/schemas/ArcGIS/10.5">
      <PolynomialOrder>1</PolynomialOrder>
      <SpatialReference xsi:type="typens:ProjectedCoordinateSystem">
        <WKT>PROJCS["PCS_Lambert_Conformal_Conic",GEOGCS["GCS_North_American_1983",DATUM["D_North_American_1983",SPHEROID["GRS_1980",6378137.0,298.257222101]],PRIMEM["Greenwich",0.0],UNIT["Degree",0.0174532925199433]],PROJECTION["Lambert_Conformal_Conic"],PARAMETER["False_Easting",6200000.0],PARAMETER["False_Northing",3000000.0],PARAMETER["Central_Meridian",-91.86666666666666],PARAMETER["Standard_Parallel_1",49.0],PARAMETER["Standard_Parallel_2",77.0],PARAMETER["Latitude_Of_Origin",63.390675],UNIT["Meter",1.0]]</WKT>
        <XOrigin>-28455800</XOrigin>
        <YOrigin>-28572600</YOrigin>
        <XYScale>129952262.74881823</XYScale>
        <ZOrigin>-100000</ZOrigin>
        <ZScale>10000</ZScale>
        <MOrigin>-100000</MOrigin>
        <MScale>10000</MScale>
        <XYTolerance>0.001</XYTolerance>
        <ZTolerance>0.001</ZTolerance>
        <MTolerance>0.001</MTolerance>
        <HighPrecision>true</HighPrecision>
      </SpatialReference>
      <SourceGCPs xsi:type="typens:ArrayOfDouble">
        <Double>4.6377255521120269</Double>
        <Double>3.8244668759910345</Double>
        <Double>3.9432171359658241</Double>
        <Double>3.4867584430612624</Double>
        <Double>2.872565298461712</Double>
        <Double>1.2516016267107517</Double>
        <Double>2.5369397089832155</Double>
        <Double>0.70702939024569389</Double>
        <Double>3.3106882439431651</Double>
        <Double>3.4325539844918751</Double>
      </SourceGCPs>
      <TargetGCPs xsi:type="typens:ArrayOfDouble">
        <Double>5050901.9358843807</Double>
        <Double>2456537.2054148358</Double>
        <Double>5018981.1086688107</Double>
        <Double>2451084.0622800649</Double>
        <Double>4946441.9771555457</Double>
        <Double>2375111.0400501955</Double>
        <Double>4927556.1228614217</Double>
        <Double>2357063.480044846</Double>
        <Double>4991943.504246383</Double>
        <Double>2457350.9515499575</Double>
      </TargetGCPs>
      <Name />
    </GeodataXform>
  </Metadata>
</PAMDataset>
