<PAMDataset>
  <Metadata domain="IMAGE_STRUCTURE">
    <MDI key="INTERLEAVE">PIXEL</MDI>
  </Metadata>
  <Metadata domain="xml:ESRI" format="xml">
    <GeodataXform xsi:type="typens:PolynomialXform" xmlns:xsi="http://www.w3.org/2001/XMLSchema-instance" xmlns:xs="http://www.w3.org/2001/XMLSchema" xmlns:typens="http://www.esri.com/schemas/ArcGIS/10.5">
      <PolynomialOrder>2</PolynomialOrder>
      <SpatialReference xsi:type="typens:ProjectedCoordinateSystem">
        <WKT>PROJCS["PCS_Lambert_Conformal_Conic",GEOGCS["GCS_North_American_1983",DATUM["D_North_American_1983",SPHEROID["GRS_1980",6378137.0,298.257222101]],PRIMEM["Greenwich",0.0],UNIT["Degree",0.0174532925199433]],PROJECTION["Lambert_Conformal_Conic"],PARAMETER["False_Easting",6200000.0],PARAMETER["False_Northing",3000000.0],PARAMETER["Central_Meridian",-91.86666666666666],PARAMETER["Standard_Parallel_1",49.0],PARAMETER["Standard_Parallel_2",77.0],PARAMETER["Latitude_Of_Origin",63.390675],UNIT["Meter",1.0]]</WKT>
        <XOrigin>-28455800</XOrigin>
        <YOrigin>-28572600</YOrigin>
        <XYScale>129952262.74881823</XYScale>
        <ZOrigin>-100000</ZOrigin>
        <ZScale>10000</ZScale>
        <MOrigin>-100000</MOrigin>
        <MScale>10000</MScale>
        <XYTolerance>0.001</XYTolerance>
        <ZTolerance>0.001</ZTolerance>
        <MTolerance>0.001</MTolerance>
        <HighPrecision>true</HighPrecision>
      </SpatialReference>
      <SourceGCPs xsi:type="typens:ArrayOfDouble">
        <Double>626.34707116111611</Double>
        <Double>-511.24926481603256</Double>
        <Double>230.5508275879547</Double>
        <Double>-1262.8414984578267</Double>
        <Double>1078.445734607787</Double>
        <Double>-1063.3188064728129</Double>
        <Double>946.65546527043989</Double>
        <Double>-2205.8760957591767</Double>
        <Double>148.10212107246844</Double>
        <Double>-1628.763598802394</Double>
        <Double>98.172338518512333</Double>
        <Double>-1594.1156937693449</Double>
        <Double>816.00225868434245</Double>
        <Double>-419.17529473308241</Double>
        <Double>783.59475228700285</Double>
        <Double>-486.07235111002228</Double>
        <Double>1628.4322039256422</Double>
        <Double>-790.92669649419258</Double>
        <Double>267.49913716186347</Double>
        <Double>-1684.8132357859995</Double>
      </SourceGCPs>
      <TargetGCPs xsi:type="typens:ArrayOfDouble">
        <Double>4417973.2514485391</Double>
        <Double>2633592.7000370864</Double>
        <Double>4327112.9253175799</Double>
        <Double>2577339.3509665998</Double>
        <Double>4431899.7963135475</Double>
        <Double>2545141.854282714</Double>
        <Double>4344803.1491202563</Double>
        <Double>2429664.5026613395</Double>
        <Double>4294416.4285697145</Double>
        <Double>2543220.1685936176</Double>
        <Double>4291234.7898186445</Double>
        <Double>2550442.4996381737</Double>
        <Double>4444331.6974363141</Double>
        <Double>2631685.1643349901</Double>
        <Double>4436610.5216023177</Double>
        <Double>2626602.3871752061</Double>
        <Double>4509398.2009797581</Double>
        <Double>2539733.5860590488</Double>
        <Double>4303989.5457030255</Double>
        <Double>2529590.0942769642</Double>
      </TargetGCPs>
      <Name />
    </GeodataXform>
  </Metadata>
</PAMDataset>
