<PAMDataset>
  <SRS>PROJCS["PCS_Lambert_Conformal_Conic",GEOGCS["GCS_North_American_1983",DATUM["North_American_Datum_1983",SPHEROID["GRS_1980",6378137.0,298.257222101]],PRIMEM["Greenwich",0.0],UNIT["Degree",0.0174532925199433]],PROJECTION["Lambert_Conformal_Conic_2SP"],PARAMETER["False_Easting",6200000.0],PARAMETER["False_Northing",3000000.0],PARAMETER["Central_Meridian",-91.86666666666666],PARAMETER["Standard_Parallel_1",49.0],PARAMETER["Standard_Parallel_2",77.0],PARAMETER["Latitude_Of_Origin",63.390675],UNIT["Meter",1.0]]</SRS>
  <Metadata domain="IMAGE_STRUCTURE">
    <MDI key="INTERLEAVE">PIXEL</MDI>
  </Metadata>
  <Metadata domain="xml:ESRI" format="xml">
    <GeodataXform xsi:type="typens:PolynomialXform" xmlns:xsi="http://www.w3.org/2001/XMLSchema-instance" xmlns:xs="http://www.w3.org/2001/XMLSchema" xmlns:typens="http://www.esri.com/schemas/ArcGIS/10.5">
      <PolynomialOrder>2</PolynomialOrder>
      <SpatialReference xsi:type="typens:ProjectedCoordinateSystem">
        <WKT>PROJCS["PCS_Lambert_Conformal_Conic",GEOGCS["GCS_North_American_1983",DATUM["D_North_American_1983",SPHEROID["GRS_1980",6378137.0,298.257222101]],PRIMEM["Greenwich",0.0],UNIT["Degree",0.0174532925199433]],PROJECTION["Lambert_Conformal_Conic"],PARAMETER["False_Easting",6200000.0],PARAMETER["False_Northing",3000000.0],PARAMETER["Central_Meridian",-91.86666666666666],PARAMETER["Standard_Parallel_1",49.0],PARAMETER["Standard_Parallel_2",77.0],PARAMETER["Latitude_Of_Origin",63.390675],UNIT["Meter",1.0]]</WKT>
        <XOrigin>-28455800</XOrigin>
        <YOrigin>-28572600</YOrigin>
        <XYScale>129952262.74881823</XYScale>
        <ZOrigin>-100000</ZOrigin>
        <ZScale>10000</ZScale>
        <MOrigin>-100000</MOrigin>
        <MScale>10000</MScale>
        <XYTolerance>0.001</XYTolerance>
        <ZTolerance>0.001</ZTolerance>
        <MTolerance>0.001</MTolerance>
        <HighPrecision>true</HighPrecision>
      </SpatialReference>
      <SourceGCPs xsi:type="typens:ArrayOfDouble">
        <Double>646.23495903445246</Double>
        <Double>-469.37546230696586</Double>
        <Double>602.80384914204478</Double>
        <Double>-539.62838805699721</Double>
        <Double>1057.6299391491611</Double>
        <Double>-837.05424023239175</Double>
        <Double>1189.0836106337138</Double>
        <Double>-144.74112806971243</Double>
        <Double>982.43593780818628</Double>
        <Double>-139.90254503473625</Double>
        <Double>980.79364154234645</Double>
        <Double>-150.75796915331739</Double>
        <Double>468.05958677041053</Double>
        <Double>-582.9886922853475</Double>
        <Double>138.90684757439885</Double>
        <Double>-673.62847484664962</Double>
        <Double>86.956797834756799</Double>
        <Double>-610.92634209484095</Double>
        <Double>747.36101401054475</Double>
        <Double>-189.21443709024607</Double>
        <Double>1091.3175602795964</Double>
        <Double>-450.34919343603542</Double>
        <Double>1198.5933028194595</Double>
        <Double>-417.88984178923533</Double>
        <Double>1278.4489932660745</Double>
        <Double>-696.47972486940125</Double>
        <Double>1275.7616373368692</Double>
        <Double>-681.75314190735298</Double>
        <Double>1340.1838891972111</Double>
        <Double>-677.29631158925258</Double>
        <Double>696.98131556510998</Double>
        <Double>-927.68515531602316</Double>
        <Double>1178.4496591005527</Double>
        <Double>-168.01033368462231</Double>
      </SourceGCPs>
      <TargetGCPs xsi:type="typens:ArrayOfDouble">
        <Double>8022020.4865034902</Double>
        <Double>1792870.6404104345</Double>
        <Double>8021458.1514176875</Double>
        <Double>1788797.7098336904</Double>
        <Double>8048387.0942736212</Double>
        <Double>1785160.3628599509</Double>
        <Double>8039536.3150955243</Double>
        <Double>1819379.6926659697</Double>
        <Double>8030110.7426963877</Double>
        <Double>1814999.5372894935</Double>
        <Double>8030379.3899256038</Double>
        <Double>1814445.6365857325</Double>
        <Double>8016251.4715655884</Double>
        <Double>1783873.1697116075</Double>
        <Double>8003438.6672941372</Double>
        <Double>1772702.7697666343</Double>
        <Double>7999644.0661719469</Double>
        <Double>1774448.9543570946</Double>
        <Double>8020456.6615502015</Double>
        <Double>1807725.5469158581</Double>
        <Double>8041570.6900113123</Double>
        <Double>1803298.2232237039</Double>
        <Double>8045881.5231329761</Double>
        <Double>1807055.9755308749</Double>
        <Double>8055622.1468955791</Double>
        <Double>1796289.1552398684</Double>
        <Double>8055218.6565052643</Double>
        <Double>1796963.8440892461</Double>
        <Double>8057934.34350223</Double>
        <Double>1798456.7835810992</Double>
        <Double>8034069.2711865027</Double>
        <Double>1773256.8854278268</Double>
        <Double>8039471.9637711411</Double>
        <Double>1818036.5521910733</Double>
      </TargetGCPs>
      <Name />
    </GeodataXform>
  </Metadata>
</PAMDataset>
