<PAMDataset>
  <Metadata domain="IMAGE_STRUCTURE">
    <MDI key="INTERLEAVE">PIXEL</MDI>
  </Metadata>
  <Metadata domain="xml:ESRI" format="xml">
    <GeodataXform xsi:type="typens:PolynomialXform" xmlns:xsi="http://www.w3.org/2001/XMLSchema-instance" xmlns:xs="http://www.w3.org/2001/XMLSchema" xmlns:typens="http://www.esri.com/schemas/ArcGIS/10.5">
      <PolynomialOrder>2</PolynomialOrder>
      <SpatialReference xsi:type="typens:ProjectedCoordinateSystem">
        <WKT>PROJCS["PCS_Lambert_Conformal_Conic",GEOGCS["GCS_North_American_1983",DATUM["D_North_American_1983",SPHEROID["GRS_1980",6378137.0,298.257222101]],PRIMEM["Greenwich",0.0],UNIT["Degree",0.0174532925199433]],PROJECTION["Lambert_Conformal_Conic"],PARAMETER["False_Easting",6200000.0],PARAMETER["False_Northing",3000000.0],PARAMETER["Central_Meridian",-91.86666666666666],PARAMETER["Standard_Parallel_1",49.0],PARAMETER["Standard_Parallel_2",77.0],PARAMETER["Latitude_Of_Origin",63.390675],UNIT["Meter",1.0]]</WKT>
        <XOrigin>-28455800</XOrigin>
        <YOrigin>-28572600</YOrigin>
        <XYScale>129952262.74881823</XYScale>
        <ZOrigin>-100000</ZOrigin>
        <ZScale>10000</ZScale>
        <MOrigin>-100000</MOrigin>
        <MScale>10000</MScale>
        <XYTolerance>0.001</XYTolerance>
        <ZTolerance>0.001</ZTolerance>
        <MTolerance>0.001</MTolerance>
        <HighPrecision>true</HighPrecision>
      </SpatialReference>
      <SourceGCPs xsi:type="typens:ArrayOfDouble">
        <Double>70.182558139534919</Double>
        <Double>-255.47587209302321</Double>
        <Double>124.90151332505047</Double>
        <Double>-204.81808660668321</Double>
        <Double>397.81482732304903</Double>
        <Double>-409.81960214432183</Double>
        <Double>613.40016322136626</Double>
        <Double>-431.26470691554732</Double>
        <Double>612.71302948157995</Double>
        <Double>-374.62158337977917</Double>
        <Double>611.76319155640181</Double>
        <Double>-512.73050085261002</Double>
        <Double>385.81610908223388</Double>
        <Double>-361.52714821184236</Double>
        <Double>402.38866988546988</Double>
        <Double>-348.82187465327843</Double>
        <Double>365.57778185912457</Double>
        <Double>-380.02467824589394</Double>
        <Double>328.13509015548675</Double>
        <Double>-393.06136629252569</Double>
        <Double>335.1628886691999</Double>
        <Double>-397.24645407989919</Double>
        <Double>184.44306091913768</Double>
        <Double>-104.0208805138368</Double>
        <Double>208.02697492340189</Double>
        <Double>-85.490821209531077</Double>
        <Double>65.524514333662182</Double>
        <Double>-335.33162987075593</Double>
        <Double>317.86331123028049</Double>
        <Double>-395.38166861671789</Double>
      </SourceGCPs>
      <TargetGCPs xsi:type="typens:ArrayOfDouble">
        <Double>8511591.037145</Double>
        <Double>1975138.02</Double>
        <Double>8525964.9199365899</Double>
        <Double>2024549.2314681306</Double>
        <Double>8765154.8751831632</Double>
        <Double>1998248.5269646477</Double>
        <Double>8900698.2085699998</Double>
        <Double>2069742.03143</Double>
        <Double>8876884.2305863164</Double>
        <Double>2102739.3088628775</Double>
        <Double>8933200.4971450008</Double>
        <Double>2020536.83143</Double>
        <Double>8739325.2714300007</Double>
        <Double>2022680.9771449999</Double>
        <Double>8744382.5800000001</Double>
        <Double>2036632.682855</Double>
        <Double>8733481.1400000006</Double>
        <Double>2006107.5800000001</Double>
        <Double>8715241.1295223422</Double>
        <Double>1983035.506087214</Double>
        <Double>8721061.9744973667</Double>
        <Double>1982837.0681903381</Double>
        <Double>8526008.1052229609</Double>
        <Double>2107879.4016083386</Double>
        <Double>8532040.617287986</Double>
        <Double>2126929.4397084145</Double>
        <Double>8536582.6402609125</Double>
        <Double>1922070.9744359246</Double>
        <Double>8711790.0740091149</Double>
        <Double>1976819.990183953</Double>
      </TargetGCPs>
      <Name />
    </GeodataXform>
  </Metadata>
</PAMDataset>
