<PAMDataset>
  <Metadata domain="IMAGE_STRUCTURE">
    <MDI key="INTERLEAVE">PIXEL</MDI>
  </Metadata>
  <Metadata domain="xml:ESRI" format="xml">
    <GeodataXform xsi:type="typens:PolynomialXform" xmlns:xsi="http://www.w3.org/2001/XMLSchema-instance" xmlns:xs="http://www.w3.org/2001/XMLSchema" xmlns:typens="http://www.esri.com/schemas/ArcGIS/10.5">
      <PolynomialOrder>2</PolynomialOrder>
      <SpatialReference xsi:type="typens:ProjectedCoordinateSystem">
        <WKT>PROJCS["PCS_Lambert_Conformal_Conic",GEOGCS["GCS_North_American_1983",DATUM["D_North_American_1983",SPHEROID["GRS_1980",6378137.0,298.257222101]],PRIMEM["Greenwich",0.0],UNIT["Degree",0.0174532925199433]],PROJECTION["Lambert_Conformal_Conic"],PARAMETER["False_Easting",6200000.0],PARAMETER["False_Northing",3000000.0],PARAMETER["Central_Meridian",-91.86666666666666],PARAMETER["Standard_Parallel_1",49.0],PARAMETER["Standard_Parallel_2",77.0],PARAMETER["Latitude_Of_Origin",63.390675],UNIT["Meter",1.0]]</WKT>
        <XOrigin>-28455800</XOrigin>
        <YOrigin>-28572600</YOrigin>
        <XYScale>129952262.74881823</XYScale>
        <ZOrigin>-100000</ZOrigin>
        <ZScale>10000</ZScale>
        <MOrigin>-100000</MOrigin>
        <MScale>10000</MScale>
        <XYTolerance>0.001</XYTolerance>
        <ZTolerance>0.001</ZTolerance>
        <MTolerance>0.001</MTolerance>
        <HighPrecision>true</HighPrecision>
      </SpatialReference>
      <SourceGCPs xsi:type="typens:ArrayOfDouble">
        <Double>455.98250397708796</Double>
        <Double>-920.37652252880946</Double>
        <Double>72.823595352470875</Double>
        <Double>-1276.72253680625</Double>
        <Double>240.26925132286306</Double>
        <Double>-1670.6715489157505</Double>
        <Double>802.41544134190917</Double>
        <Double>-1225.787862116209</Double>
        <Double>962.65376631691106</Double>
        <Double>-708.75728907836674</Double>
        <Double>976.52803197435423</Double>
        <Double>-695.79122498066135</Double>
        <Double>843.1909395929415</Double>
        <Double>-436.94818234595732</Double>
        <Double>1062.0061410565777</Double>
        <Double>-432.05383753023125</Double>
        <Double>1112.5381627988208</Double>
        <Double>-1592.2529812638204</Double>
        <Double>1393.0661806550506</Double>
        <Double>-1499.8066338898607</Double>
        <Double>1185.2831324690524</Double>
        <Double>-164.31056578612151</Double>
        <Double>795.29616848369005</Double>
        <Double>-443.75219751357452</Double>
      </SourceGCPs>
      <TargetGCPs xsi:type="typens:ArrayOfDouble">
        <Double>8525940.6828549989</Double>
        <Double>2024337.88857</Double>
        <Double>8511937.8200000003</Double>
        <Double>1975364.46</Double>
        <Double>8546082.3410868868</Double>
        <Double>1950720.5510802243</Double>
        <Double>8570792.7685497534</Double>
        <Double>2016828.1000501299</Double>
        <Double>8558058.0330367405</Double>
        <Double>2068502.7558923534</Double>
        <Double>8558691.617145</Double>
        <Double>2070523.1000000001</Double>
        <Double>8534282.5583984163</Double>
        <Double>2085371.0731923818</Double>
        <Double>8551906.1084788498</Double>
        <Double>2097025.0539447905</Double>
        <Double>8615632.448356932</Double>
        <Double>2001364.9761525744</Double>
        <Double>8635025.1724344306</Double>
        <Double>2023438.8506498002</Double>
        <Double>8548828.8699857928</Double>
        <Double>2125667.9340665345</Double>
        <Double>8530585.3522904273</Double>
        <Double>2082317.2750736566</Double>
      </TargetGCPs>
      <Name />
    </GeodataXform>
  </Metadata>
</PAMDataset>
