<PAMDataset>
  <Metadata domain="IMAGE_STRUCTURE">
    <MDI key="INTERLEAVE">PIXEL</MDI>
  </Metadata>
  <Metadata domain="xml:ESRI" format="xml">
    <GeodataXform xsi:type="typens:PolynomialXform" xmlns:xsi="http://www.w3.org/2001/XMLSchema-instance" xmlns:xs="http://www.w3.org/2001/XMLSchema" xmlns:typens="http://www.esri.com/schemas/ArcGIS/10.5">
      <PolynomialOrder>1</PolynomialOrder>
      <SpatialReference xsi:type="typens:ProjectedCoordinateSystem">
        <WKT>PROJCS["PCS_Lambert_Conformal_Conic",GEOGCS["GCS_North_American_1983",DATUM["D_North_American_1983",SPHEROID["GRS_1980",6378137.0,298.257222101]],PRIMEM["Greenwich",0.0],UNIT["Degree",0.0174532925199433]],PROJECTION["Lambert_Conformal_Conic"],PARAMETER["False_Easting",6200000.0],PARAMETER["False_Northing",3000000.0],PARAMETER["Central_Meridian",-91.86666666666666],PARAMETER["Standard_Parallel_1",49.0],PARAMETER["Standard_Parallel_2",77.0],PARAMETER["Latitude_Of_Origin",63.390675],UNIT["Meter",1.0]]</WKT>
        <XOrigin>-28455800</XOrigin>
        <YOrigin>-28572600</YOrigin>
        <XYScale>129952262.74881823</XYScale>
        <ZOrigin>-100000</ZOrigin>
        <ZScale>10000</ZScale>
        <MOrigin>-100000</MOrigin>
        <MScale>10000</MScale>
        <XYTolerance>0.001</XYTolerance>
        <ZTolerance>0.001</ZTolerance>
        <MTolerance>0.001</MTolerance>
        <HighPrecision>true</HighPrecision>
      </SpatialReference>
      <SourceGCPs xsi:type="typens:ArrayOfDouble">
        <Double>806.94466773034526</Double>
        <Double>-509.76477779065596</Double>
        <Double>302.91965146588967</Double>
        <Double>-160.39564530308962</Double>
        <Double>582.15629838894995</Double>
        <Double>-398.71780518462492</Double>
        <Double>407.86865777614867</Double>
        <Double>-587.28131925284833</Double>
        <Double>253.6360043341208</Double>
        <Double>-122.98925762507952</Double>
        <Double>234.42294984617297</Double>
        <Double>-116.13193072881404</Double>
        <Double>945.94838734237828</Double>
        <Double>-616.54754732096171</Double>
        <Double>781.98000898590271</Double>
        <Double>-599.79203866037551</Double>
        <Double>817.28750076915799</Double>
        <Double>-551.88054601867589</Double>
        <Double>759.18854302225782</Double>
        <Double>-569.39272990555492</Double>
        <Double>923.27538002433175</Double>
        <Double>-55.241427417402519</Double>
      </SourceGCPs>
      <TargetGCPs xsi:type="typens:ArrayOfDouble">
        <Double>5531604.5199307594</Double>
        <Double>2296188.8198850481</Double>
        <Double>5350747.6257261466</Double>
        <Double>2488230.5028850599</Double>
        <Double>5447075.0070255632</Double>
        <Double>2363164.0218705167</Double>
        <Double>5357321.4252529638</Double>
        <Double>2298691.0003165947</Double>
        <Double>5333154.0152946934</Double>
        <Double>2507308.8691879837</Double>
        <Double>5326380.6684146682</Double>
        <Double>2511859.7116230014</Double>
        <Double>5582511.0765088182</Double>
        <Double>2236939.4395602369</Double>
        <Double>5514063.2312797951</Double>
        <Double>2261027.1544023338</Double>
        <Double>5533192.6445386214</Double>
        <Double>2277854.6880574008</Double>
        <Double>5506681.3415160161</Double>
        <Double>2275870.3090886432</Double>
        <Double>5620802.9760092851</Double>
        <Double>2476682.8461303813</Double>
      </TargetGCPs>
      <Name />
    </GeodataXform>
  </Metadata>
</PAMDataset>
