<PAMDataset>
  <Metadata domain="IMAGE_STRUCTURE">
    <MDI key="INTERLEAVE">PIXEL</MDI>
  </Metadata>
  <Metadata domain="xml:ESRI" format="xml">
    <GeodataXform xsi:type="typens:PolynomialXform" xmlns:xsi="http://www.w3.org/2001/XMLSchema-instance" xmlns:xs="http://www.w3.org/2001/XMLSchema" xmlns:typens="http://www.esri.com/schemas/ArcGIS/10.5">
      <PolynomialOrder>1</PolynomialOrder>
      <SpatialReference xsi:type="typens:ProjectedCoordinateSystem">
        <WKT>PROJCS["PCS_Lambert_Conformal_Conic",GEOGCS["GCS_North_American_1983",DATUM["D_North_American_1983",SPHEROID["GRS_1980",6378137.0,298.257222101]],PRIMEM["Greenwich",0.0],UNIT["Degree",0.0174532925199433]],PROJECTION["Lambert_Conformal_Conic"],PARAMETER["False_Easting",6200000.0],PARAMETER["False_Northing",3000000.0],PARAMETER["Central_Meridian",-91.86666666666666],PARAMETER["Standard_Parallel_1",49.0],PARAMETER["Standard_Parallel_2",77.0],PARAMETER["Latitude_Of_Origin",63.390675],UNIT["Meter",1.0]]</WKT>
        <XOrigin>-28455800</XOrigin>
        <YOrigin>-28572600</YOrigin>
        <XYScale>129952262.74881823</XYScale>
        <ZOrigin>-100000</ZOrigin>
        <ZScale>10000</ZScale>
        <MOrigin>-100000</MOrigin>
        <MScale>10000</MScale>
        <XYTolerance>0.001</XYTolerance>
        <ZTolerance>0.001</ZTolerance>
        <MTolerance>0.001</MTolerance>
        <HighPrecision>true</HighPrecision>
      </SpatialReference>
      <SourceGCPs xsi:type="typens:ArrayOfDouble">
        <Double>273.46884530544452</Double>
        <Double>-25.680949698214892</Double>
        <Double>112.90258087590337</Double>
        <Double>-25.103189882822335</Double>
        <Double>298.69835076193999</Double>
        <Double>-381.35959190709997</Double>
        <Double>196.87724004223588</Double>
        <Double>-365.52943251460158</Double>
        <Double>215.19324824511577</Double>
        <Double>-385.16124384655819</Double>
        <Double>138.7056202538781</Double>
        <Double>-277.24368946153641</Double>
        <Double>104.61526360884517</Double>
        <Double>-233.0688920818028</Double>
      </SourceGCPs>
      <TargetGCPs xsi:type="typens:ArrayOfDouble">
        <Double>5229789.6571588255</Double>
        <Double>2772266.7843490336</Double>
        <Double>4725193.7599999998</Double>
        <Double>2964409.474285</Double>
        <Double>4890879.0028550001</Double>
        <Double>1617564.11143</Double>
        <Double>4585645.9571449999</Double>
        <Double>1788526.0485700001</Double>
        <Double>4608141.0571449995</Double>
        <Double>1709774.3657150001</Double>
        <Double>4499159.2485699998</Double>
        <Double>2144634.1257150001</Double>
        <Double>4441259.2715727873</Double>
        <Double>2325236.1468653949</Double>
      </TargetGCPs>
      <Name />
    </GeodataXform>
  </Metadata>
</PAMDataset>
