<PAMDataset>
  <Metadata domain="IMAGE_STRUCTURE">
    <MDI key="INTERLEAVE">PIXEL</MDI>
  </Metadata>
  <Metadata domain="xml:ESRI" format="xml">
    <GeodataXform xsi:type="typens:PolynomialXform" xmlns:xsi="http://www.w3.org/2001/XMLSchema-instance" xmlns:xs="http://www.w3.org/2001/XMLSchema" xmlns:typens="http://www.esri.com/schemas/ArcGIS/10.5">
      <PolynomialOrder>1</PolynomialOrder>
      <SpatialReference xsi:type="typens:ProjectedCoordinateSystem">
        <WKT>PROJCS["PCS_Lambert_Conformal_Conic",GEOGCS["GCS_North_American_1983",DATUM["D_North_American_1983",SPHEROID["GRS_1980",6378137.0,298.257222101]],PRIMEM["Greenwich",0.0],UNIT["Degree",0.0174532925199433]],PROJECTION["Lambert_Conformal_Conic"],PARAMETER["False_Easting",6200000.0],PARAMETER["False_Northing",3000000.0],PARAMETER["Central_Meridian",-91.86666666666666],PARAMETER["Standard_Parallel_1",49.0],PARAMETER["Standard_Parallel_2",77.0],PARAMETER["Latitude_Of_Origin",63.390675],UNIT["Meter",1.0]]</WKT>
        <XOrigin>-28455800</XOrigin>
        <YOrigin>-28572600</YOrigin>
        <XYScale>129952262.74881823</XYScale>
        <ZOrigin>-100000</ZOrigin>
        <ZScale>10000</ZScale>
        <MOrigin>-100000</MOrigin>
        <MScale>10000</MScale>
        <XYTolerance>0.001</XYTolerance>
        <ZTolerance>0.001</ZTolerance>
        <MTolerance>0.001</MTolerance>
        <HighPrecision>true</HighPrecision>
      </SpatialReference>
      <SourceGCPs xsi:type="typens:ArrayOfDouble">
        <Double>356.2428189610913</Double>
        <Double>-203.21941098656779</Double>
        <Double>364.11791890207678</Double>
        <Double>-215.38623674423434</Double>
        <Double>361.83334641146541</Double>
        <Double>-255.02403501732761</Double>
        <Double>324.78818860536933</Double>
        <Double>-264.41416804016671</Double>
        <Double>256.20796355787797</Double>
        <Double>-210.86200189893816</Double>
        <Double>310.03002119279165</Double>
        <Double>-284.33297329236302</Double>
        <Double>310.59459654517264</Double>
        <Double>-59.84674505061912</Double>
      </SourceGCPs>
      <TargetGCPs xsi:type="typens:ArrayOfDouble">
        <Double>7792685.8215257498</Double>
        <Double>1524324.046385061</Double>
        <Double>7799242.5171450004</Double>
        <Double>1519178.6799999999</Double>
        <Double>7806451.9771450004</Double>
        <Double>1497108.065715</Double>
        <Double>7788413.6068052361</Double>
        <Double>1485645.2162549552</Double>
        <Double>7744031.4999999991</Double>
        <Double>1499833.8085714267</Double>
        <Double>7784463.9155427795</Double>
        <Double>1472742.259547489</Double>
        <Double>7742571.4322354561</Double>
        <Double>1587689.7690185849</Double>
      </TargetGCPs>
      <Name />
    </GeodataXform>
  </Metadata>
</PAMDataset>
