<PAMDataset>
  <Metadata domain="IMAGE_STRUCTURE">
    <MDI key="INTERLEAVE">PIXEL</MDI>
  </Metadata>
  <Metadata domain="xml:ESRI" format="xml">
    <GeodataXform xsi:type="typens:PolynomialXform" xmlns:xsi="http://www.w3.org/2001/XMLSchema-instance" xmlns:xs="http://www.w3.org/2001/XMLSchema" xmlns:typens="http://www.esri.com/schemas/ArcGIS/10.5">
      <PolynomialOrder>1</PolynomialOrder>
      <SpatialReference xsi:type="typens:ProjectedCoordinateSystem">
        <WKT>PROJCS["PCS_Lambert_Conformal_Conic",GEOGCS["GCS_North_American_1983",DATUM["D_North_American_1983",SPHEROID["GRS_1980",6378137.0,298.257222101]],PRIMEM["Greenwich",0.0],UNIT["Degree",0.0174532925199433]],PROJECTION["Lambert_Conformal_Conic"],PARAMETER["False_Easting",6200000.0],PARAMETER["False_Northing",3000000.0],PARAMETER["Central_Meridian",-91.86666666666666],PARAMETER["Standard_Parallel_1",49.0],PARAMETER["Standard_Parallel_2",77.0],PARAMETER["Latitude_Of_Origin",63.390675],UNIT["Meter",1.0]]</WKT>
        <XOrigin>-28455800</XOrigin>
        <YOrigin>-28572600</YOrigin>
        <XYScale>129952262.74881823</XYScale>
        <ZOrigin>-100000</ZOrigin>
        <ZScale>10000</ZScale>
        <MOrigin>-100000</MOrigin>
        <MScale>10000</MScale>
        <XYTolerance>0.001</XYTolerance>
        <ZTolerance>0.001</ZTolerance>
        <MTolerance>0.001</MTolerance>
        <HighPrecision>true</HighPrecision>
      </SpatialReference>
      <SourceGCPs xsi:type="typens:ArrayOfDouble">
        <Double>520.2053850717291</Double>
        <Double>-780.80547758184548</Double>
        <Double>422.1198630137369</Double>
        <Double>-397.95119863003492</Double>
        <Double>736.99264251699947</Double>
        <Double>-640.66626189427552</Double>
        <Double>1034.6748799832728</Double>
        <Double>-858.40198812943436</Double>
        <Double>1118.492437827806</Double>
        <Double>-655.19697955616812</Double>
        <Double>1158.3823358262975</Double>
        <Double>-645.40844812028081</Double>
        <Double>1242.2880095811586</Double>
        <Double>-667.73801042117429</Double>
        <Double>260.43076771566916</Double>
        <Double>-226.84681675182492</Double>
        <Double>213.13604943520727</Double>
        <Double>-140.40252908107777</Double>
        <Double>191.93918620755107</Double>
        <Double>-148.32321865836821</Double>
        <Double>159.46444932125883</Double>
        <Double>-546.84362799460359</Double>
        <Double>173.61446587954833</Double>
        <Double>-495.34130590671612</Double>
        <Double>160.44487976093728</Double>
        <Double>-496.59449326590311</Double>
      </SourceGCPs>
      <TargetGCPs xsi:type="typens:ArrayOfDouble">
        <Double>5216323.9192316262</Double>
        <Double>2083742.9967091423</Double>
        <Double>5216120.9287477061</Double>
        <Double>2262217.9320780225</Double>
        <Double>5331902.8269781703</Double>
        <Double>2123840.5719899656</Double>
        <Double>5439689.8828300601</Double>
        <Double>1997391.534369671</Double>
        <Double>5498080.233985763</Double>
        <Double>2079059.3122885604</Double>
        <Double>5518082.7739908434</Double>
        <Double>2080011.8141935642</Double>
        <Double>5551512.9450178491</Double>
        <Double>2062125.9450884929</Double>
        <Double>5163173.2881301977</Double>
        <Double>2356015.7776598246</Double>
        <Double>5150949.5136826439</Double>
        <Double>2400148.365925</Double>
        <Double>5140392.6175688514</Double>
        <Double>2398560.8627499933</Double>
        <Double>5083996.5672767507</Double>
        <Double>2225198.9014427387</Double>
        <Double>5095505.9652955476</Double>
        <Double>2247423.9458928276</Double>
        <Double>5089398.4878028184</Double>
        <Double>2248882.6849214192</Double>
      </TargetGCPs>
      <Name />
    </GeodataXform>
  </Metadata>
</PAMDataset>
