<PAMDataset>
  <Metadata domain="IMAGE_STRUCTURE">
    <MDI key="INTERLEAVE">PIXEL</MDI>
  </Metadata>
  <Metadata domain="xml:ESRI" format="xml">
    <GeodataXform xsi:type="typens:PolynomialXform" xmlns:xsi="http://www.w3.org/2001/XMLSchema-instance" xmlns:xs="http://www.w3.org/2001/XMLSchema" xmlns:typens="http://www.esri.com/schemas/ArcGIS/10.5">
      <PolynomialOrder>1</PolynomialOrder>
      <SpatialReference xsi:type="typens:ProjectedCoordinateSystem">
        <WKT>PROJCS["PCS_Lambert_Conformal_Conic",GEOGCS["GCS_North_American_1983",DATUM["D_North_American_1983",SPHEROID["GRS_1980",6378137.0,298.257222101]],PRIMEM["Greenwich",0.0],UNIT["Degree",0.0174532925199433]],PROJECTION["Lambert_Conformal_Conic"],PARAMETER["False_Easting",6200000.0],PARAMETER["False_Northing",3000000.0],PARAMETER["Central_Meridian",-91.86666666666666],PARAMETER["Standard_Parallel_1",49.0],PARAMETER["Standard_Parallel_2",77.0],PARAMETER["Latitude_Of_Origin",63.390675],UNIT["Meter",1.0]]</WKT>
        <XOrigin>-28455800</XOrigin>
        <YOrigin>-28572600</YOrigin>
        <XYScale>129952262.74881823</XYScale>
        <ZOrigin>-100000</ZOrigin>
        <ZScale>10000</ZScale>
        <MOrigin>-100000</MOrigin>
        <MScale>10000</MScale>
        <XYTolerance>0.001</XYTolerance>
        <ZTolerance>0.001</ZTolerance>
        <MTolerance>0.001</MTolerance>
        <HighPrecision>true</HighPrecision>
      </SpatialReference>
      <SourceGCPs xsi:type="typens:ArrayOfDouble">
        <Double>371.25542072168622</Double>
        <Double>-648.21109063062875</Double>
        <Double>904.78327824175358</Double>
        <Double>-471.17598825367168</Double>
        <Double>1107.6736017151825</Double>
        <Double>-793.12925831096891</Double>
        <Double>654.35859367468584</Double>
        <Double>-251.72769554659226</Double>
        <Double>658.49597087578309</Double>
        <Double>-337.3592736900855</Double>
        <Double>1181.505074755253</Double>
        <Double>-487.34295844999724</Double>
        <Double>246.9314254866722</Double>
        <Double>-642.67670111816369</Double>
        <Double>484.73103312471585</Double>
        <Double>-113.33886819068812</Double>
      </SourceGCPs>
      <TargetGCPs xsi:type="typens:ArrayOfDouble">
        <Double>5167037.3228027923</Double>
        <Double>2163808.8101072777</Double>
        <Double>5352253.2255552914</Double>
        <Double>2181786.982249456</Double>
        <Double>5389664.501766732</Double>
        <Double>2063073.7153090327</Double>
        <Double>5288363.2783309529</Double>
        <Double>2268941.1270438582</Double>
        <Double>5282092.6407896774</Double>
        <Double>2242112.323386251</Double>
        <Double>5439134.738728039</Double>
        <Double>2156056.4221077808</Double>
        <Double>5127361.4624037147</Double>
        <Double>2174758.091455562</Double>
        <Double>5243884.1954491809</Double>
        <Double>2326155.6234172918</Double>
      </TargetGCPs>
      <Name />
    </GeodataXform>
  </Metadata>
</PAMDataset>
