<PAMDataset>
  <Metadata domain="IMAGE_STRUCTURE">
    <MDI key="INTERLEAVE">PIXEL</MDI>
  </Metadata>
  <Metadata domain="xml:ESRI" format="xml">
    <GeodataXform xsi:type="typens:PolynomialXform" xmlns:xsi="http://www.w3.org/2001/XMLSchema-instance" xmlns:xs="http://www.w3.org/2001/XMLSchema" xmlns:typens="http://www.esri.com/schemas/ArcGIS/10.5">
      <PolynomialOrder>1</PolynomialOrder>
      <SpatialReference xsi:type="typens:ProjectedCoordinateSystem">
        <WKT>PROJCS["PCS_Lambert_Conformal_Conic",GEOGCS["GCS_North_American_1983",DATUM["D_North_American_1983",SPHEROID["GRS_1980",6378137.0,298.257222101]],PRIMEM["Greenwich",0.0],UNIT["Degree",0.0174532925199433]],PROJECTION["Lambert_Conformal_Conic"],PARAMETER["False_Easting",6200000.0],PARAMETER["False_Northing",3000000.0],PARAMETER["Central_Meridian",-91.86666666666666],PARAMETER["Standard_Parallel_1",49.0],PARAMETER["Standard_Parallel_2",77.0],PARAMETER["Latitude_Of_Origin",63.390675],UNIT["Meter",1.0]]</WKT>
        <XOrigin>-28455800</XOrigin>
        <YOrigin>-28572600</YOrigin>
        <XYScale>129952262.74881823</XYScale>
        <ZOrigin>-100000</ZOrigin>
        <ZScale>10000</ZScale>
        <MOrigin>-100000</MOrigin>
        <MScale>10000</MScale>
        <XYTolerance>0.001</XYTolerance>
        <ZTolerance>0.001</ZTolerance>
        <MTolerance>0.001</MTolerance>
        <HighPrecision>true</HighPrecision>
      </SpatialReference>
      <SourceGCPs xsi:type="typens:ArrayOfDouble">
        <Double>759.6426981985569</Double>
        <Double>-462.76587200164795</Double>
        <Double>551.07917704307795</Double>
        <Double>-248.5076677103425</Double>
        <Double>93.96834198258091</Double>
        <Double>-154.04953307154233</Double>
        <Double>51.385049778476855</Double>
        <Double>-208.12408596837281</Double>
        <Double>160.91661368424479</Double>
        <Double>-95.17975788340641</Double>
        <Double>725.64060069554273</Double>
        <Double>-341.6221968686948</Double>
        <Double>770.54533423593659</Double>
        <Double>-258.38026058517517</Double>
        <Double>182.28825598217588</Double>
        <Double>-358.86915889355419</Double>
        <Double>701.97375875407363</Double>
        <Double>-228.83217354289172</Double>
      </SourceGCPs>
      <TargetGCPs xsi:type="typens:ArrayOfDouble">
        <Double>7730017.7947252374</Double>
        <Double>1756082.5253550475</Double>
        <Double>7477627.1172677968</Double>
        <Double>1870799.1013148366</Double>
        <Double>7054043.1683962839</Double>
        <Double>1807903.5402017031</Double>
        <Double>7030776.5947052808</Double>
        <Double>1747168.91581245</Double>
        <Double>7092445.6922279093</Double>
        <Double>1880754.0313792166</Double>
        <Double>7659553.6913500978</Double>
        <Double>1850309.9494731657</Double>
        <Double>7671189.4890810456</Double>
        <Double>1936558.9863841604</Double>
        <Double>7193453.3225820065</Double>
        <Double>1658119.2253314285</Double>
        <Double>7602411.7348971749</Double>
        <Double>1938972.4085463348</Double>
      </TargetGCPs>
      <Name />
    </GeodataXform>
  </Metadata>
</PAMDataset>
