<PAMDataset>
  <Metadata domain="IMAGE_STRUCTURE">
    <MDI key="INTERLEAVE">PIXEL</MDI>
  </Metadata>
  <Metadata domain="xml:ESRI" format="xml">
    <GeodataXform xsi:type="typens:PolynomialXform" xmlns:xsi="http://www.w3.org/2001/XMLSchema-instance" xmlns:xs="http://www.w3.org/2001/XMLSchema" xmlns:typens="http://www.esri.com/schemas/ArcGIS/10.5">
      <PolynomialOrder>1</PolynomialOrder>
      <SpatialReference xsi:type="typens:ProjectedCoordinateSystem">
        <WKT>PROJCS["PCS_Lambert_Conformal_Conic",GEOGCS["GCS_North_American_1983",DATUM["D_North_American_1983",SPHEROID["GRS_1980",6378137.0,298.257222101]],PRIMEM["Greenwich",0.0],UNIT["Degree",0.0174532925199433]],PROJECTION["Lambert_Conformal_Conic"],PARAMETER["False_Easting",6200000.0],PARAMETER["False_Northing",3000000.0],PARAMETER["Central_Meridian",-91.86666666666666],PARAMETER["Standard_Parallel_1",49.0],PARAMETER["Standard_Parallel_2",77.0],PARAMETER["Latitude_Of_Origin",63.390675],UNIT["Meter",1.0]]</WKT>
        <XOrigin>-28455800</XOrigin>
        <YOrigin>-28572600</YOrigin>
        <XYScale>129952262.74881823</XYScale>
        <ZOrigin>-100000</ZOrigin>
        <ZScale>10000</ZScale>
        <MOrigin>-100000</MOrigin>
        <MScale>10000</MScale>
        <XYTolerance>0.001</XYTolerance>
        <ZTolerance>0.001</ZTolerance>
        <MTolerance>0.001</MTolerance>
        <HighPrecision>true</HighPrecision>
      </SpatialReference>
      <SourceGCPs xsi:type="typens:ArrayOfDouble">
        <Double>592.09871881329877</Double>
        <Double>-693.48325743273665</Double>
        <Double>222.61816327366978</Double>
        <Double>-714.76126412395388</Double>
        <Double>164.97495355353021</Double>
        <Double>-372.86894001123801</Double>
        <Double>268.75775227981831</Double>
        <Double>-283.90463102040667</Double>
        <Double>664.09195247838579</Double>
        <Double>-337.10324245035372</Double>
        <Double>917.53801281946471</Double>
        <Double>-570.92727589617789</Double>
        <Double>809.78691664924554</Double>
        <Double>-606.69005549593567</Double>
        <Double>686.1174702020453</Double>
        <Double>-646.68547155569468</Double>
        <Double>598.36250850762553</Double>
        <Double>-643.23659262828733</Double>
      </SourceGCPs>
      <TargetGCPs xsi:type="typens:ArrayOfDouble">
        <Double>4319377.8097237684</Double>
        <Double>2253833.5635726382</Double>
        <Double>4291647.9847644344</Double>
        <Double>2265776.3499582112</Double>
        <Double>4299835.1355137425</Double>
        <Double>2292917.1420870167</Double>
        <Double>4310975.1744604893</Double>
        <Double>2295499.480585028</Double>
        <Double>4337816.0516089154</Double>
        <Double>2276800.6391095659</Double>
        <Double>4347667.0379775558</Double>
        <Double>2250729.1546433512</Double>
        <Double>4338480.6515281815</Double>
        <Double>2252109.2240701574</Double>
        <Double>4328312.9106510235</Double>
        <Double>2253670.6604430256</Double>
        <Double>4321862.3560832441</Double>
        <Double>2257344.4073738544</Double>
      </TargetGCPs>
      <Name />
    </GeodataXform>
  </Metadata>
</PAMDataset>
