<PAMDataset>
  <Metadata domain="IMAGE_STRUCTURE">
    <MDI key="INTERLEAVE">PIXEL</MDI>
  </Metadata>
  <Metadata domain="xml:ESRI" format="xml">
    <GeodataXform xsi:type="typens:PolynomialXform" xmlns:xsi="http://www.w3.org/2001/XMLSchema-instance" xmlns:xs="http://www.w3.org/2001/XMLSchema" xmlns:typens="http://www.esri.com/schemas/ArcGIS/10.5">
      <PolynomialOrder>1</PolynomialOrder>
      <SpatialReference xsi:type="typens:ProjectedCoordinateSystem">
        <WKT>PROJCS["PCS_Lambert_Conformal_Conic",GEOGCS["GCS_North_American_1983",DATUM["D_North_American_1983",SPHEROID["GRS_1980",6378137.0,298.257222101]],PRIMEM["Greenwich",0.0],UNIT["Degree",0.0174532925199433]],PROJECTION["Lambert_Conformal_Conic"],PARAMETER["False_Easting",6200000.0],PARAMETER["False_Northing",3000000.0],PARAMETER["Central_Meridian",-91.86666666666666],PARAMETER["Standard_Parallel_1",49.0],PARAMETER["Standard_Parallel_2",77.0],PARAMETER["Latitude_Of_Origin",63.390675],UNIT["Meter",1.0]]</WKT>
        <XOrigin>-28455800</XOrigin>
        <YOrigin>-28572600</YOrigin>
        <XYScale>129952262.74881823</XYScale>
        <ZOrigin>-100000</ZOrigin>
        <ZScale>10000</ZScale>
        <MOrigin>-100000</MOrigin>
        <MScale>10000</MScale>
        <XYTolerance>0.001</XYTolerance>
        <ZTolerance>0.001</ZTolerance>
        <MTolerance>0.001</MTolerance>
        <HighPrecision>true</HighPrecision>
      </SpatialReference>
      <SourceGCPs xsi:type="typens:ArrayOfDouble">
        <Double>223.62531868275255</Double>
        <Double>-705.10616384586319</Double>
        <Double>687.3335801764315</Double>
        <Double>-640.02746603612832</Double>
        <Double>592.11595469479107</Double>
        <Double>-684.67866187560503</Double>
        <Double>668.39814639614997</Double>
        <Double>-329.18391158941813</Double>
        <Double>169.96630291923248</Double>
        <Double>-360.30853562068296</Double>
        <Double>271.56903290121045</Double>
        <Double>-275.22942282851</Double>
        <Double>809.69939656658789</Double>
        <Double>-600.77878187856186</Double>
        <Double>918.64493574172047</Double>
        <Double>-564.47192505974454</Double>
        <Double>598.84394604442059</Double>
        <Double>-635.31538133751746</Double>
      </SourceGCPs>
      <TargetGCPs xsi:type="typens:ArrayOfDouble">
        <Double>4291649.0437412979</Double>
        <Double>2265848.703916491</Double>
        <Double>4328235.2191863777</Double>
        <Double>2253425.6497143209</Double>
        <Double>4319428.5453230273</Double>
        <Double>2253882.7183367931</Double>
        <Double>4338021.0738275284</Double>
        <Double>2276781.900419882</Double>
        <Double>4299874.6734295068</Double>
        <Double>2292908.7305250783</Double>
        <Double>4310914.3014641525</Double>
        <Double>2295424.6157125714</Double>
        <Double>4338474.018041933</Double>
        <Double>2252154.1298660291</Double>
        <Double>4347687.3242289657</Double>
        <Double>2250768.7310120021</Double>
        <Double>4321966.8951102728</Double>
        <Double>2257357.9529130845</Double>
      </TargetGCPs>
      <Name />
    </GeodataXform>
  </Metadata>
</PAMDataset>
