<PAMDataset>
  <SRS>PROJCS["PCS_Lambert_Conformal_Conic",GEOGCS["GCS_North_American_1983",DATUM["North_American_Datum_1983",SPHEROID["GRS_1980",6378137.0,298.257222101]],PRIMEM["Greenwich",0.0],UNIT["Degree",0.0174532925199433]],PROJECTION["Lambert_Conformal_Conic_2SP"],PARAMETER["False_Easting",6200000.0],PARAMETER["False_Northing",3000000.0],PARAMETER["Central_Meridian",-91.86666666666666],PARAMETER["Standard_Parallel_1",49.0],PARAMETER["Standard_Parallel_2",77.0],PARAMETER["Latitude_Of_Origin",63.390675],UNIT["Meter",1.0]]</SRS>
  <Metadata domain="IMAGE_STRUCTURE">
    <MDI key="INTERLEAVE">PIXEL</MDI>
  </Metadata>
  <Metadata domain="xml:ESRI" format="xml">
    <GeodataXform xsi:type="typens:PolynomialXform" xmlns:xsi="http://www.w3.org/2001/XMLSchema-instance" xmlns:xs="http://www.w3.org/2001/XMLSchema" xmlns:typens="http://www.esri.com/schemas/ArcGIS/10.5">
      <PolynomialOrder>1</PolynomialOrder>
      <SpatialReference xsi:type="typens:ProjectedCoordinateSystem">
        <WKT>PROJCS["PCS_Lambert_Conformal_Conic",GEOGCS["GCS_North_American_1983",DATUM["D_North_American_1983",SPHEROID["GRS_1980",6378137.0,298.257222101]],PRIMEM["Greenwich",0.0],UNIT["Degree",0.0174532925199433]],PROJECTION["Lambert_Conformal_Conic"],PARAMETER["False_Easting",6200000.0],PARAMETER["False_Northing",3000000.0],PARAMETER["Central_Meridian",-91.86666666666666],PARAMETER["Standard_Parallel_1",49.0],PARAMETER["Standard_Parallel_2",77.0],PARAMETER["Latitude_Of_Origin",63.390675],UNIT["Meter",1.0]]</WKT>
        <XOrigin>-28455800</XOrigin>
        <YOrigin>-28572600</YOrigin>
        <XYScale>129952262.74881823</XYScale>
        <ZOrigin>-100000</ZOrigin>
        <ZScale>10000</ZScale>
        <MOrigin>-100000</MOrigin>
        <MScale>10000</MScale>
        <XYTolerance>0.001</XYTolerance>
        <ZTolerance>0.001</ZTolerance>
        <MTolerance>0.001</MTolerance>
        <HighPrecision>true</HighPrecision>
      </SpatialReference>
      <SourceGCPs xsi:type="typens:ArrayOfDouble">
        <Double>466.66942242355611</Double>
        <Double>-186.62768969422427</Double>
        <Double>245.15583239030093</Double>
        <Double>-221.73550396366045</Double>
        <Double>105.57720520898056</Double>
        <Double>-248.25813370981268</Double>
        <Double>348.94274321108696</Double>
        <Double>-244.26493573182142</Double>
        <Double>320.29622710309422</Double>
        <Double>-100.45903889466354</Double>
        <Double>346.09904666191778</Double>
        <Double>-59.963846433558501</Double>
        <Double>591.76701508473889</Double>
        <Double>-302.94571597519462</Double>
        <Double>442.65687028721277</Double>
        <Double>-562.34379094091673</Double>
        <Double>637.3947488273061</Double>
        <Double>-448.95656647714168</Double>
        <Double>689.53836322107509</Double>
        <Double>-385.6442902203944</Double>
        <Double>375.63794740053072</Double>
        <Double>-48.474508769617387</Double>
        <Double>137.67539139025496</Double>
        <Double>-98.397500582756606</Double>
        <Double>64.943450474673909</Double>
        <Double>-149.45843296028761</Double>
        <Double>500.53047742421677</Double>
        <Double>-344.98146898463528</Double>
        <Double>516.34940566950104</Double>
        <Double>-326.83953167094023</Double>
        <Double>503.49990501868251</Double>
        <Double>-324.22042304199749</Double>
        <Double>393.11435123166211</Double>
        <Double>-572.60815993818142</Double>
        <Double>682.17991273675943</Double>
        <Double>-454.56036332945041</Double>
        <Double>507.00810852121958</Double>
        <Double>-197.58713781167899</Double>
      </SourceGCPs>
      <TargetGCPs xsi:type="typens:ArrayOfDouble">
        <Double>4357610.6393139213</Double>
        <Double>2248173.3035041159</Double>
        <Double>4313665.654176591</Double>
        <Double>2260613.7733322643</Double>
        <Double>4285242.0802668482</Double>
        <Double>2266964.5522480002</Double>
        <Double>4332443.8413370373</Double>
        <Double>2247557.3259335482</Double>
        <Double>4338688.020492062</Double>
        <Double>2277614.0527136684</Double>
        <Double>4345514.2841445887</Double>
        <Double>2282482.3957836875</Double>
        <Double>4372286.8637314159</Double>
        <Double>2216144.6068581101</Double>
        <Double>4321245.3293566816</Double>
        <Double>2178454.6356448317</Double>
        <Double>4367783.4259050963</Double>
        <Double>2185038.3640900659</Double>
        <Double>4382798.5601020316</Double>
        <Double>2192711.2961025964</Double>
        <Double>4353895.4189624162</Double>
        <Double>2281460.6611013273</Double>
        <Double>4304050.5753491214</Double>
        <Double>2292461.2864011875</Double>
        <Double>4285773.1221275488</Double>
        <Double>2288989.9461251735</Double>
        <Double>4350764.1290824134</Double>
        <Double>2216051.6971657546</Double>
        <Double>4355441.9717714321</Double>
        <Double>2217554.5335047608</Double>
        <Double>4353238.649656455</Double>
        <Double>2219139.3908411418</Double>
        <Double>4312160.2411107402</Double>
        <Double>2180135.9812370944</Double>
        <Double>4375609.9869338544</Double>
        <Double>2180097.1204822878</Double>
        <Double>4364843.0773792043</Double>
        <Double>2242807.9056260912</Double>
      </TargetGCPs>
      <Name />
    </GeodataXform>
  </Metadata>
</PAMDataset>
