<PAMDataset>
  <Metadata domain="IMAGE_STRUCTURE">
    <MDI key="INTERLEAVE">PIXEL</MDI>
  </Metadata>
  <Metadata domain="xml:ESRI" format="xml">
    <GeodataXform xsi:type="typens:PolynomialXform" xmlns:xsi="http://www.w3.org/2001/XMLSchema-instance" xmlns:xs="http://www.w3.org/2001/XMLSchema" xmlns:typens="http://www.esri.com/schemas/ArcGIS/10.5">
      <PolynomialOrder>1</PolynomialOrder>
      <SpatialReference xsi:type="typens:ProjectedCoordinateSystem">
        <WKT>PROJCS["PCS_Lambert_Conformal_Conic",GEOGCS["GCS_North_American_1983",DATUM["D_North_American_1983",SPHEROID["GRS_1980",6378137.0,298.257222101]],PRIMEM["Greenwich",0.0],UNIT["Degree",0.0174532925199433]],PROJECTION["Lambert_Conformal_Conic"],PARAMETER["False_Easting",6200000.0],PARAMETER["False_Northing",3000000.0],PARAMETER["Central_Meridian",-91.86666666666666],PARAMETER["Standard_Parallel_1",49.0],PARAMETER["Standard_Parallel_2",77.0],PARAMETER["Latitude_Of_Origin",63.390675],UNIT["Meter",1.0]]</WKT>
        <XOrigin>-28455800</XOrigin>
        <YOrigin>-28572600</YOrigin>
        <XYScale>129952262.74881823</XYScale>
        <ZOrigin>-100000</ZOrigin>
        <ZScale>10000</ZScale>
        <MOrigin>-100000</MOrigin>
        <MScale>10000</MScale>
        <XYTolerance>0.001</XYTolerance>
        <ZTolerance>0.001</ZTolerance>
        <MTolerance>0.001</MTolerance>
        <HighPrecision>true</HighPrecision>
      </SpatialReference>
      <SourceGCPs xsi:type="typens:ArrayOfDouble">
        <Double>397.99496036302298</Double>
        <Double>-290.64388448465616</Double>
        <Double>205.21980202099894</Double>
        <Double>-562.13382460950379</Double>
        <Double>288.46332943909783</Double>
        <Double>-569.26486240027407</Double>
        <Double>249.96526746957989</Double>
        <Double>-164.9065211158395</Double>
        <Double>450.96098903439997</Double>
        <Double>-459.04314798575433</Double>
        <Double>503.61716766023437</Double>
        <Double>-476.09869107269878</Double>
        <Double>540.49551456540485</Double>
        <Double>-416.61523832310195</Double>
        <Double>325.41621420184038</Double>
        <Double>-317.60600456963948</Double>
      </SourceGCPs>
      <TargetGCPs xsi:type="typens:ArrayOfDouble">
        <Double>4373007.854756739</Double>
        <Double>2215563.5806960482</Double>
        <Double>4318736.7436103495</Double>
        <Double>2185498.5856702244</Double>
        <Double>4331701.3528729007</Double>
        <Double>2177164.1940014409</Double>
        <Double>4357875.3114708187</Double>
        <Double>2247973.4502032888</Double>
        <Double>4368329.0198782347</Double>
        <Double>2182819.6740624025</Double>
        <Double>4375274.3462688867</Double>
        <Double>2175874.3476717495</Double>
        <Double>4386542.9729728075</Double>
        <Double>2182637.1111972779</Double>
        <Double>4358561.9065940063</Double>
        <Double>2216892.3429021835</Double>
      </TargetGCPs>
      <Name />
    </GeodataXform>
  </Metadata>
</PAMDataset>
