<PAMDataset>
  <Metadata domain="IMAGE_STRUCTURE">
    <MDI key="INTERLEAVE">PIXEL</MDI>
  </Metadata>
  <Metadata domain="xml:ESRI" format="xml">
    <GeodataXform xsi:type="typens:PolynomialXform" xmlns:xsi="http://www.w3.org/2001/XMLSchema-instance" xmlns:xs="http://www.w3.org/2001/XMLSchema" xmlns:typens="http://www.esri.com/schemas/ArcGIS/10.5">
      <PolynomialOrder>1</PolynomialOrder>
      <SpatialReference xsi:type="typens:ProjectedCoordinateSystem">
        <WKT>PROJCS["PCS_Lambert_Conformal_Conic",GEOGCS["GCS_North_American_1983",DATUM["D_North_American_1983",SPHEROID["GRS_1980",6378137.0,298.257222101]],PRIMEM["Greenwich",0.0],UNIT["Degree",0.0174532925199433]],PROJECTION["Lambert_Conformal_Conic"],PARAMETER["False_Easting",6200000.0],PARAMETER["False_Northing",3000000.0],PARAMETER["Central_Meridian",-91.86666666666666],PARAMETER["Standard_Parallel_1",49.0],PARAMETER["Standard_Parallel_2",77.0],PARAMETER["Latitude_Of_Origin",63.390675],UNIT["Meter",1.0]]</WKT>
        <XOrigin>-28455800</XOrigin>
        <YOrigin>-28572600</YOrigin>
        <XYScale>129952262.74881823</XYScale>
        <ZOrigin>-100000</ZOrigin>
        <ZScale>10000</ZScale>
        <MOrigin>-100000</MOrigin>
        <MScale>10000</MScale>
        <XYTolerance>0.001</XYTolerance>
        <ZTolerance>0.001</ZTolerance>
        <MTolerance>0.001</MTolerance>
        <HighPrecision>true</HighPrecision>
      </SpatialReference>
      <SourceGCPs xsi:type="typens:ArrayOfDouble">
        <Double>435.47587769012898</Double>
        <Double>-105.18120045261458</Double>
        <Double>141.96368097377217</Double>
        <Double>-161.68375175635174</Double>
        <Double>200.4897716794394</Double>
        <Double>-352.07450400433481</Double>
        <Double>443.96009326534204</Double>
        <Double>-372.74503646138965</Double>
        <Double>488.91735532332837</Double>
        <Double>-333.40967100872604</Double>
        <Double>531.22342373042602</Double>
        <Double>-146.96258050257984</Double>
        <Double>547.34647262339604</Double>
        <Double>-175.35347881347843</Double>
      </SourceGCPs>
      <TargetGCPs xsi:type="typens:ArrayOfDouble">
        <Double>5050340.4200036172</Double>
        <Double>2456005.4514543335</Double>
        <Double>4894984.6664184956</Double>
        <Double>2474899.9103577803</Double>
        <Double>4894704.198488337</Double>
        <Double>2368621.7534888359</Double>
        <Double>5012973.1850265646</Double>
        <Double>2319303.3215185315</Double>
        <Double>5041769.1697019283</Double>
        <Double>2332442.5561303622</Double>
        <Double>5092830.547866459</Double>
        <Double>2420801.4394455408</Double>
        <Double>5096336.2840446057</Double>
        <Double>2404264.948039189</Double>
      </TargetGCPs>
      <Name />
    </GeodataXform>
  </Metadata>
</PAMDataset>
