<PAMDataset>
  <Metadata domain="IMAGE_STRUCTURE">
    <MDI key="INTERLEAVE">PIXEL</MDI>
  </Metadata>
  <Metadata domain="xml:ESRI" format="xml">
    <GeodataXform xsi:type="typens:PolynomialXform" xmlns:xsi="http://www.w3.org/2001/XMLSchema-instance" xmlns:xs="http://www.w3.org/2001/XMLSchema" xmlns:typens="http://www.esri.com/schemas/ArcGIS/10.5">
      <PolynomialOrder>-4</PolynomialOrder>
      <SpatialReference xsi:type="typens:ProjectedCoordinateSystem">
        <WKT>PROJCS["PCS_Lambert_Conformal_Conic",GEOGCS["GCS_North_American_1983",DATUM["D_North_American_1983",SPHEROID["GRS_1980",6378137.0,298.257222101]],PRIMEM["Greenwich",0.0],UNIT["Degree",0.0174532925199433]],PROJECTION["Lambert_Conformal_Conic"],PARAMETER["False_Easting",6200000.0],PARAMETER["False_Northing",3000000.0],PARAMETER["Central_Meridian",-91.86666666666666],PARAMETER["Standard_Parallel_1",49.0],PARAMETER["Standard_Parallel_2",77.0],PARAMETER["Latitude_Of_Origin",63.390675],UNIT["Meter",1.0]]</WKT>
        <XOrigin>-28455800</XOrigin>
        <YOrigin>-28572600</YOrigin>
        <XYScale>129952262.74881823</XYScale>
        <ZOrigin>-100000</ZOrigin>
        <ZScale>10000</ZScale>
        <MOrigin>-100000</MOrigin>
        <MScale>10000</MScale>
        <XYTolerance>0.001</XYTolerance>
        <ZTolerance>0.001</ZTolerance>
        <MTolerance>0.001</MTolerance>
        <HighPrecision>true</HighPrecision>
      </SpatialReference>
      <SourceGCPs xsi:type="typens:ArrayOfDouble">
        <Double>261.1386847951498</Double>
        <Double>-504.29137333155751</Double>
        <Double>491.83385141286999</Double>
        <Double>-505.3467940420378</Double>
        <Double>714.0153187576168</Double>
        <Double>-100.12056563334136</Double>
        <Double>740.62530869317425</Double>
        <Double>-112.95367060116882</Double>
        <Double>714.12940176948314</Double>
        <Double>-116.08919333607673</Double>
        <Double>796.66037318785732</Double>
        <Double>-485.99999029432524</Double>
        <Double>590.63212355961616</Double>
        <Double>-62.489398004864597</Double>
        <Double>437.32342183802166</Double>
        <Double>-512.79425037033047</Double>
        <Double>125.68420071261784</Double>
        <Double>-538.62780512015729</Double>
        <Double>14.914548460486955</Double>
        <Double>-497.784751964306</Double>
      </SourceGCPs>
      <TargetGCPs xsi:type="typens:ArrayOfDouble">
        <Double>6419004.4542849995</Double>
        <Double>1357570.33143</Double>
        <Double>6724549.7936815778</Double>
        <Double>1341250.293994511</Double>
        <Double>7044693.7771450002</Double>
        <Double>1853934.2828550001</Double>
        <Double>7081244.5591544472</Double>
        <Double>1838693.0909634402</Double>
        <Double>7044837.8196743019</Double>
        <Double>1837211.4213334343</Double>
        <Double>7127250.4011661327</Double>
        <Double>1342693.5989644525</Double>
        <Double>6886223.7628628574</Double>
        <Double>1910682.391192043</Double>
        <Double>6651683.3979487894</Double>
        <Double>1330895.3635624282</Double>
        <Double>6240034.4199999999</Double>
        <Double>1325650.1399999999</Double>
        <Double>6099420.588562062</Double>
        <Double>1388336.5201114081</Double>
      </TargetGCPs>
      <Name />
    </GeodataXform>
  </Metadata>
</PAMDataset>
